APOGEE_ID,RA,DEC,median_log10age,e_log10age,median_mstar,e_mstar,median_log10mdot,e_log10mdot,median_log10alpha,e_log10alpha,median_log10epsilon,e_log10epsilon,median_rdisk,e_rdisk,median_twall,e_twall,median_altinh,e_altinh,median_inclination,e_inclination,median_amax_small,e_amax_small,median_amax_big,e_amax_big,median_parallex,e_parallex,median_av,e_av,median_P_outliers,median_tstar,e_tstar,median_rstar,e_rstar,median_diskmasses,e_diskmasses
2M05265352-0109022,81.723032,-1.150627,6.62363269179721,0.166693294158827,1.04932549379469,0.0308325109447332,-7.49664074502453,0.157095504517941,-1.57311873013884,0.4110737708928,-3.52302047795712,0.664520151673111,148.984057223131,107.713773307347,1382.87074561545,49.1232501790239,8.11006355510926,3.78881048259485,36.1260213092359,15.7801912496309,4.25835714501158,2.80911259873209,848.908491932765,1898.81165250806,2.57611580110856,0.0433537132909572,0.236855402775759,0.283012054021526,0.894411956384839,4406.2871758237,37.9017560600982,1.52042451944235,0.155590440232186,0.0168077342465543,0.00891572421467436
2M05371465-0101504,84.31108,-1.030694,6.58972175407743,0.147608980664412,0.346339696203423,0.0222466230801975,-9.40245649785892,0.41994026934755,-3.55081321477792,0.412948872817727,-3.38398097314004,0.833368616906648,179.687257262427,90.4070953704865,1410.18220672849,55.2356018473854,5.2512856490101,4.02441804875876,51.5741790190475,20.2187567527238,2.114937463256,3.35101395752487,690.231600630313,1468.73272068393,3.06777712669295,0.039978532757434,0.459445806098735,0.413167150014235,0.894031453638805,3458.35482632917,34.3874813087166,1.04115920171379,0.117155524553492,0.0170483767000284,0.0129706570921634
2M05390136-0218274,84.755695,-2.307638,6.01242218679597,0.1671566992934,0.487477141082737,0.0306326193097714,-7.33717190519728,0.235559435058545,-1.38721573512116,0.659936881437036,-2.20626923322873,1.28542761364006,84.2239152357071,98.9019136220331,1393.94979737184,49.5014891788262,9.68783563825972,3.61252578100918,36.9075482662297,16.8623435241091,4.84320955380811,3.13133774210262,1409.75405848584,2818.92206464464,2.45233121538237,0.0215323817637216,0.416336468596343,0.412004299611574,0.940207983744913,3759.61956337058,46.1968833738945,1.8410830681485,0.246334952770209,0.00798215383460632,0.00621490848311611
2M05393560-0023479,84.898339,-0.396658,6.99888341516847,0.00124727432757599,1.4856275043091,0.00609146293298368,-8.82005986558872,0.787935342384649,-2.87656731880369,0.795547096285411,-3.13691241637077,1.06318116656209,168.469379521642,104.382637687836,1400.51687665901,52.0579150385933,1.53189240999364,1.85482350707083,9.86483374577465,21.6841960103706,1.1792138273717,2.93559686629392,858.150819559965,1875.58069102248,2.61105045614719,0.0192898908491435,0.392000578150401,0.329150472760063,0.887034084914942,6104.55555727625,30.085287963785,2.01051908334751,0.0177124326331402,0.01045537106769,0.00891424392772777
2M05291271-0010187,82.302961,-0.171881,6.91180190715386,0.0761498574076405,0.724679362346634,0.00576089670183688,-9.45329269890373,0.432040919836163,-3.48373924129861,0.438272258073481,-2.97559446980548,1.1717701778854,161.066315497918,94.6766673047789,1388.62761172156,50.8979531760087,2.2885786319467,2.85056895823744,35.5043929125702,27.3692583949572,0.852865334147673,1.95903880694974,809.813381273804,1856.11361620069,2.52300785026727,0.028926193007702,0.347223359925359,0.312821461589322,0.892266662870952,3904.66453062436,12.7704138433285,1.09170885376327,0.0557172270463314,0.0154688413914003,0.010825805514513
2M05402243-0215399,85.09348,-2.261094,6.25185495747452,0.131229871839793,0.494309955536239,0.0282578828362037,-7.19061567515662,0.0664242983840921,-2.44087674688051,0.643550935131473,-2.25610407958784,1.08903741292462,20.505559600736,3.13587662176539,1408.52218293631,49.4872400617331,1.91110429628868,0.42371410553992,67.494060641848,2.24820413986066,1.72159137755289,0.408554282888416,832.611975195359,2198.45115539629,2.5547433394165,0.0276915793256758,0.587461315345268,0.36245650396895,0.884431678979548,3725.12813026095,35.7690519195282,1.53445291826079,0.139420334713608,0.0385736444584678,0.0910381260290862
2M05382750-0235041,84.614614,-2.584495,6.21237921985715,0.101627946993438,0.339614438797793,0.0275945146778571,-9.09695786087626,0.386841917641979,-3.08717011185883,0.406458142240167,-3.73775366591549,0.255486424971472,170.023654888636,90.8192874242539,1438.65190262348,46.7617533980075,5.42423603894343,4.77433197749339,9.41565813981905,13.8238558556869,6.00676634244979,4.01640731062987,796.099653367046,1429.60285184363,2.53574750583521,0.0397385247719197,0.804309148590671,0.31412581274478,0.935519352963498,3462.79828948333,41.2270167820818,1.40848018493194,0.101850111617365,0.0110033206394565,0.00601277016167467
2M05385831-0216101,84.742991,-2.269484,6.89749084780982,0.072163351622998,0.720178141662313,0.00628158188656441,-9.55700309759341,0.291104214239011,-3.61170992077918,0.32263355504258,-0.632556363003422,0.679585167167116,120.443611194359,79.3340525303728,1320.26807491326,43.9348126030258,3.54526906646949,1.13043402875282,59.8262189258688,9.24925453900237,5.61368007627734,3.73590914013312,945.818353876637,2120.38092682914,2.50824932164517,0.0257481211985129,0.172242393979775,0.175374681206016,0.939376825427317,3900.88894198931,11.2734037417154,1.09932111078903,0.0529789792185323,0.0189804881034066,0.0117494007646325
2M05412982-0141378,85.374275,-1.693842,5.54294468672525,0.205046434899324,0.368628110898374,0.0108360716412753,-9.4364418281894,0.462127676097698,-3.46862557012932,0.447474514100231,-3.75620577046489,0.235295845600952,175.639313829413,81.8797393919541,1444.73846964313,89.7194904518049,7.28338841680113,3.04400054386911,67.5129836480084,2.86204335935835,4.9600355650872,3.26103097104247,633.197508632696,1121.7799310845,2.61570266914025,0.162929773788944,2.26508215334851,0.560293296113704,0.939028473400238,3590.75226527209,22.4523934103443,2.61199846187083,0.21871253633345,0.0112531065930627,0.00581894343747015
2M05390257-0120323,84.760722,-1.342309,6.14678826544799,0.0972804808575321,0.738375484591911,0.0096678624827598,-8.10133998356892,0.682793705511491,-2.24893063327413,0.843132384646307,-3.02051501082313,0.762229102708625,137.447099742945,104.569880027882,1397.27393248569,52.8389983527994,8.66092665950358,4.39895474812594,40.2436929410833,22.3517798316163,1.1651353573985,3.01058612885891,775.902802554083,1891.5578985731,3.10442540115123,0.195431800127146,0.652996155309734,0.319183734775535,0.892530835968453,4121.94414201472,29.6990585969988,1.88771242963936,0.137494911053251,0.0108989142681108,0.00548659931009668
2M05333982-0038541,83.415935,-0.648378,6.33062475557987,0.0868292502331687,0.744955069168759,0.00391286491529652,-8.76520671357549,0.665527646655502,-2.81257820988433,0.682090836281833,-3.19796030988952,0.569292144793913,165.458556996864,99.3358084226543,1405.72981995642,47.446372761425,7.53933809841485,3.51894207398609,31.9894004178908,16.6051412797123,3.44727557445758,2.66159610397012,846.13717709967,1945.24086420961,2.95575718882056,0.0173499129015264,0.618660831377119,0.304971194524628,0.936450136490118,4072.86193582399,27.5421830980592,1.65220925928253,0.104009797651207,0.0117107625257804,0.00525659637657819
2M05341714-0109348,83.571424,-1.159685,6.21653344178096,0.152549886505642,0.356695449981412,0.0164116484541119,-8.24696402836985,0.311223687425596,-2.24766440891818,0.398670248938174,-3.19473299397213,0.550129038487389,155.650969506807,98.9083855405205,1414.19349088981,51.6362527718743,8.64042287486576,4.26539773433193,32.6368527001008,16.901688341754,0.497487158140775,1.92099146764537,924.680571765851,2003.71315871727,3.00871403913281,0.164789804621368,0.633379084757041,0.400425438098713,0.939744320716599,3490.84878821478,25.0299361789221,1.42714615888743,0.173745835677074,0.00755990835041262,0.00361402630849924
2M05352522-0043243,83.855097,-0.72342,6.27702226029526,0.123808848685835,0.401004235153912,0.0267270200009215,-9.00165034669875,0.589994394693925,-3.07359902031807,0.581409777651675,-2.74120212044772,0.674642012836143,152.199291037343,99.213043327604,1408.68206238373,48.9818270276813,9.5171630509019,3.44586867851257,47.0302527837241,14.7610464977153,0.500592999934148,0.208915511010518,1057.22276425652,2400.63592876919,2.89671868030188,0.037540536723762,1.20844997979584,0.375878614453305,0.940769920263414,3561.84951947916,40.7680411843623,1.40763767504162,0.127079706377989,0.00884808925130009,0.00405492440200293
2M05415976-0147363,85.499013,-1.79343,6.317199747059,0.452509129024092,0.367575661663933,0.0261239301275304,-7.08231527699862,0.213686522187339,-1.15610480295027,0.219403296986229,-0.700705984040702,1.09378650370229,90.2039524519199,93.1174525284093,1405.57768196294,50.2144608792171,7.25994481790623,4.80430230870592,17.9236696522559,15.766045067469,0.495491118702437,0.365491793433415,3003.9201309972,3634.99376430136,2.3554709948176,0.175592043097695,3.33509567181901,1.11219344962912,0.890339658283262,3506.48173487921,37.7053563767174,1.33182236427929,0.480106575185592,0.00857195844539524,0.0072630114829948
2M05342581-0121065,83.607577,-1.351814,5.57275484085801,0.104151064269801,0.917092532223806,0.0208096713118515,-7.69200138330669,1.14803832644004,-2.25521718045749,1.04328589596087,-1.64894994122912,1.03668953187846,71.6755858640915,99.95786680223,1386.53505128174,48.6082162714306,11.1029661416264,3.25807686435464,52.0117916167954,17.0705273220087,0.411901599459156,0.442031764572497,1057.40304842285,2392.2041013756,2.44833731109491,0.0205743109168586,1.82901141090825,0.586500870314633,0.931909669213695,4421.30869753936,18.2882563925177,3.32100817272199,0.321539932879182,0.010131368132061,0.0174673155562989
2M05405172-0226489,85.21552,-2.44692,6.86887113443789,0.911971861048433,0.652484094074606,0.0609794875326097,-6.51855617839867,0.0240532748971174,-1.1999133485903,1.03692975570057,-0.146978487388337,0.606398036873673,119.644566554311,94.9908979896802,1419.69321985311,56.3226371389416,10.3078861841606,3.49221735235139,21.6944265482104,14.9093531981885,0.39004078333127,2.0668000415395,4489.20374785502,3676.20322379908,2.52720481975383,0.070847472307811,0.748893884329318,1.98248116419454,0.935534268279021,3856.56145189554,91.6662217332016,1.08612309547777,1.34734338048872,0.0623483212183015,1.94462724703763
2M05330858-0229252,83.285758,-2.490357,5.88556495965919,0.1593469017693,0.437596880976093,0.0295196177259142,-9.06031128439021,0.690398858339508,-2.97954864434586,0.713370792516307,-2.91339997635732,1.16727367873029,152.093109694637,97.7617660947023,1396.73265813823,51.1213142701771,3.52176869617122,3.99259034018114,27.2871851773693,25.7223076825107,1.02191309477181,2.11044339771655,896.853461487116,1947.59186355098,2.70675865774943,0.0370552604454861,0.344196995132834,0.357055119491957,0.891490769745911,3682.18206977695,51.7261421955445,2.00715706413068,0.270881734440414,0.00620551908306847,0.00577965850465165
2M05363280-0137071,84.136672,-1.618659,6.471151756251,0.158871371332791,0.257367682318032,0.0203042801373616,-9.47515160490432,0.449038795812897,-3.41037759181555,0.461822356285059,-2.81906448378628,1.20158415765463,156.657471605428,97.1008352377445,1390.79439295457,52.7101867583255,3.00317676949058,3.40603411324378,34.9472696632788,25.5242339087917,0.819652573759854,1.71259140943336,862.515741498077,2010.7907637279,2.71466956888382,0.066551549619446,0.419947777720159,0.397903615605603,0.939607448792544,3318.01757337686,31.3569230704263,1.00796989300869,0.123537232850123,0.00810365167815603,0.00726126463789814
2M05295026-0102088,82.459423,-1.035795,6.98904889517001,0.0120802535627309,1.44263779194093,0.0164833611861802,-9.72042796841918,0.316994561661462,-3.17444803352279,0.322945619269035,-3.97335011889975,0.0353710890048644,266.631988696267,38.8637709443793,1340.86740674371,53.9068100047433,0.644240218649208,0.202979896269422,2.48602612226792,30.7643042139297,7.82440400706062,4.47075310696229,576.489464815107,341.377848419997,3.07574423910741,0.0507121208307422,0.416582630088868,0.328138564901852,0.90959188373466,5798.26453775206,52.426549499839,1.81023876869128,0.0453824231472262,0.00758283332574337,0.00273126342266705
2M05380648-0011037,84.527,-0.184388,6.35766240942552,0.0476590881958709,2.40536447798237,0.0979689378074746,-8.66901245557172,0.856613767257657,-2.74069735190294,0.837595737592207,-3.23560117752027,1.05324138557387,167.980452496978,98.1470098638138,1401.80183909956,49.0992238195608,1.46134206592688,1.71610470900407,12.9952884938868,21.7331950693313,0.732768461056593,2.10805574962945,816.632640875883,1858.17486776828,2.32345879858315,0.0652065167622056,0.126280410339763,0.139261500906879,0.932415963110497,5645.05974677514,25.7975002867556,3.53765477556004,0.218587712860414,0.011276342129116,0.0126179209463572
2M05390760-0232391,84.78169,-2.544208,6.32484683878722,0.0822526871554294,0.733599071720163,0.0126250881153056,-9.4912689610309,0.354753437223867,-3.53665307987137,0.359720403797034,-2.25861153933508,0.490020957796611,137.740886693594,79.2289369353876,1347.23751836886,40.5835617288615,1.87377573684377,0.908109514917119,64.47492325466,7.84081738014821,3.86421284732199,3.50255652186756,1056.82594793882,2052.66266730404,2.66628005769023,0.0493833393681311,0.151710462827794,0.172292919211737,0.93871854118632,4058.57781204854,28.1688700751483,1.64989131437466,0.0973657384075612,0.0127813831744751,0.00691850172533863
2M05380107-0245379,84.504478,-2.760544,5.86070306161236,0.20865294939609,0.202700627034337,0.0179716666047825,-8.86187285344483,0.60675249930034,-2.94119283064259,0.588476394253989,-3.58879511551281,0.347154308498933,177.109980159736,90.2955120381056,1399.04847429459,49.4772460706888,11.0304692006979,3.39878947569417,50.6116028908289,19.2554926556126,0.335739717102219,3.04798837793031,750.708538769853,1641.23393820898,3.29690674889888,0.16678615456419,1.6444463146968,0.353068616017009,0.938880112482367,3226.18779137272,35.1880585816707,1.60242126998696,0.136303105539868,0.00887189457193178,0.00483986946180373
2M05394097-0216243,84.920745,-2.273438,6.19398463917387,0.138881723185968,0.225403729645577,0.0348710384054036,-9.55157511276809,0.355156318926264,-3.62055804804202,0.346614150153359,-3.79261606771402,0.238411197594705,191.174523787416,77.2328616556681,1446.51143204794,52.7098949827177,5.43663289534545,3.40701834585051,63.6581054664066,8.48103051391202,5.3470832396587,3.79171001729931,603.178490297239,1007.07088534805,2.72291807461422,0.0581636295132861,0.654803706711842,0.450311371592593,0.898655782884311,3274.00336217911,66.1819959002439,1.23976769002171,0.144620150295012,0.0163353566732948,0.00874146512118229
2M05342629-0033443,83.609565,-0.562324,6.26643820954477,0.128426012583807,0.24623063163996,0.039033119053492,-9.61319579429012,0.318480906246777,-3.65743417436405,0.322912690001979,-3.79759094957817,0.234100604153831,190.127968165857,77.5518952812176,1447.68725213223,55.0569885275472,2.91979533497078,1.98681023832071,64.899622257749,7.8885984065902,5.32614522281148,3.83241051784336,576.58817982088,984.522028773396,2.92645573934235,0.0580794132937221,0.469839969147038,0.406093725474039,0.935357165574584,3308.45204040576,65.6680307614206,1.1949330114776,0.113266402223264,0.01669582321324,0.00919045007194754
2M05333959-0025041,83.414982,-0.417825,6.99148754022019,0.00999243085633905,1.07218038839662,0.0140864928250251,-9.3984940575631,0.44035068415583,-3.41254821209767,0.462367973084325,-3.02285375818743,1.11069077313193,168.482548309904,93.2868287230576,1392.03844491956,49.6818437408468,1.37381113923978,1.81083204664642,11.4293081561992,22.9235043159842,0.776535629768695,1.65315769017145,924.84925948763,2154.53962302533,2.7072160530597,0.0235591187541246,0.566047511808436,0.39717554584675,0.929272981467652,4574.18020147499,39.2951827327838,1.24676777597412,0.0110887413463709,0.0150220153224971,0.00969133983855091
2M05273518-0045235,81.896593,-0.756541,6.16699570866131,0.0985680593206428,0.854324849659033,0.0299526240550457,-9.13538192954467,0.602175455312399,-3.09273950340079,0.597259730655291,-2.00590133455132,0.7791097106868,145.517687256684,101.273469223311,1395.1543257897,47.9628856963044,5.27885386181908,3.22080923625999,42.4079346203563,21.7179637758876,3.16566644349388,2.81274249448809,972.495106904861,2282.47437474631,2.99091319897734,0.0280964967434247,1.99954662227365,0.348645375773924,0.884427617334455,4270.4191436681,31.6644287484919,1.95655478164671,0.134378458389073,0.00976759853202074,0.00447904799664408
2M05365088-0024062,84.212024,-0.401748,6.71936724098875,0.127532450425318,0.614256304342623,0.032132521793987,-9.41742854656733,0.472908209122662,-3.41357342122419,0.47321611552179,-2.60033085240381,1.2454415139595,160.976257824643,97.0275727131684,1383.7422947212,49.8401465641357,2.42370589327154,2.90153605646572,28.5917604912356,24.9984131989894,0.644602547529177,0.840360380730863,860.538904248868,1856.44331346296,2.65722245491266,0.0222104079669101,0.22033126251819,0.23430957024193,0.931328679392842,3809.19129743341,33.1097625619998,1.17060590884951,0.0973921554149465,0.0123151879948271,0.00994022519684439
2M05384027-0230185,84.667807,-2.505151,5.92850886494348,0.0805190170362495,0.469342566156068,0.0308382075327172,-7.93515415460497,0.16563874835418,-1.92952545721046,0.219036263581474,-3.77886850765249,0.183792114215531,172.139379886157,93.7260639842768,1435.1835911352,50.7500501027474,10.728575374927,2.9124223783252,36.1569972341087,8.1080290211414,0.338740996499316,0.103633458551608,776.054785981866,1709.67239274028,2.53681723875867,0.0209170911401775,0.292947693453858,0.217391249945647,0.935037055253391,3740.12354707753,50.1494867080862,1.96005391970977,0.117663083563518,0.00846824986368214,0.00325803522599075
2M05320638-0111000,83.026606,-1.183349,6.1739205175325,0.0859835230533341,0.45419950852915,0.0123757424312068,-8.70503067791429,0.671224256066864,-2.70375709157916,0.72516821225543,-2.67125641019393,0.686766991046513,133.872863121233,104.979955550629,1411.35688462802,48.0327419259852,10.9086110295381,2.99574863112718,46.179418916483,13.9254980807908,2.82363015670362,2.75244134210252,949.482146261173,2058.88482700257,2.77682103873106,0.0298969603844172,0.293261663741997,0.233058900091857,0.90354017635634,3666.96543791839,17.2211672556577,1.58779790725267,0.102072269788474,0.00698383007819236,0.00325470842296883
2M05332272-0143421,83.344693,-1.728388,6.93110661625265,0.0617715995209323,0.713788348972401,0.00645346511438566,-9.56842092762397,0.344128424398657,-3.57446468474767,0.346554329696868,-3.18064592531977,0.995256159940088,172.77053003704,88.9624688075601,1376.43266911004,51.3743944930635,1.50556793895274,1.85078442405168,37.3579734289007,28.3693614079067,0.610155100395879,0.903832939547903,852.481154857852,1763.71464254042,2.50976939137441,0.0269192059350005,0.29309776924023,0.277973056252267,0.937415945585637,3890.86875408708,10.9546465950591,1.07173448990116,0.0444936929135303,0.0156210315750657,0.0108029797524158
2M05392030-0118253,84.834584,-1.307035,5.8381150300633,0.213653611899008,0.219510205860189,0.0126573834869183,-9.42443731923091,0.46312783531587,-3.42306243407331,0.473306294079483,-3.72958390959812,0.329734016313466,178.754689019833,84.347218846781,1418.82159476234,61.1593960450585,1.73607305200392,2.17471937503866,63.238037213539,13.8331259675439,2.5426228137297,3.75348935038059,693.274683536704,1481.03005426807,2.42713556929654,0.0413121400517582,0.949510945914728,0.46734202452238,0.887906944012983,3269.69137335984,22.3473950702378,1.70719827568139,0.173850608736028,0.0100795899501327,0.00656549122683093
2M05430805-0234249,85.783582,-2.573597,5.83666577293321,0.206548733346989,0.356304649958829,0.0148540118683056,-9.10341488321368,0.68881447062689,-2.98219459320782,0.707383792506923,-3.0886768326417,1.04109629766525,164.018181696887,98.1313323196935,1393.68316161668,50.7346962974711,4.01446016600139,4.25254023655412,32.6491241398108,26.5154614889548,0.901769114369195,1.89479830168289,841.317114450585,1931.45763988457,2.55283735493023,0.0278057882977263,1.10805720111158,0.819811810766662,0.89148978367083,3525.40920271337,24.6512008483514,2.03187625289893,0.375219344955708,0.00549884284731289,0.0051119330959512
2M05392677-0242583,84.861548,-2.716204,6.73339981650311,0.134672634840128,0.388140395010089,0.0238066879616185,-9.56877874465017,0.346832096750223,-3.59702831682009,0.346651660455384,-3.48177687068752,0.701607480118356,174.554073805909,87.4289520908641,1408.36385727646,53.004840746034,3.02560404326021,3.2044390732274,52.8589949157288,23.3419470244543,1.37652031381089,2.64695843071804,681.139096223602,1430.14714824104,2.43266486327835,0.0540941816727483,0.414124974631026,0.387314461872209,0.932903326184387,3519.97067655358,34.6310528316378,0.974360135126588,0.0952826578330371,0.0147652278608349,0.0110263955817664
2M05413638-0216463,85.401613,-2.279554,5.03620534032023,0.0417052826158586,0.794581564226854,0.0179566486525705,-6.54246265554469,0.0541534902814722,-1.81192018328037,0.873181290787049,-0.474607067115123,0.717617608663387,269.5893692277,32.6102635853176,1408.66653385453,49.8571749072759,10.2793767766248,3.57402453574563,9.34881599740034,6.86323924741421,0.35605000526993,0.207907350632936,1953.38614525629,3129.83932900285,2.76322167918425,0.104309453081252,6.16098159678435,2.08337713235435,0.935566842370759,4286.79514237755,13.5440275618325,4.83769228911188,0.10241810544599,0.377315058820342,2.17147629302243
2M05415868-0203418,85.494503,-2.061624,5.33736616969478,0.236943671257483,0.335624343284321,0.0141705834481209,-7.86014445436621,0.438611785955033,-1.69422517619473,0.447278495711632,-3.79178409530624,0.193427631390149,177.630812137247,92.7860640373904,1393.61360087724,49.8971488207159,11.1320312785163,2.75613022247091,49.4841571480211,11.2426958996384,0.433654377203345,0.0752937853792075,713.252770811496,1294.73273202186,2.33785196987837,0.189918928138693,6.0677946065318,0.291621885613185,0.937978127880296,3524.63174220989,24.8965479097747,2.62395194228039,0.20334775825661,0.00471271928095116,0.00189156056015851
2M05402018-0226082,85.084123,-2.435633,6.1174849343946,0.0741103167211445,2.4130456836403,0.0988454058448129,-8.51040129553552,0.92920796187024,-2.57564415277538,0.906237454741741,-2.90234932710805,1.34371700554905,168.428277219403,103.036686154637,1402.26140928135,48.1847770698919,2.97786910319164,3.834603875871,21.3771079302457,23.5857375579604,1.0229976756498,2.42394972813354,939.974991129431,2222.1909544255,2.48859250797772,0.051428501382961,0.120554195789882,0.153364652392931,0.878429384907565,5274.74831988264,34.8659507963634,3.51927040378299,0.244114480020001,0.011874557179459,0.0179987002738931
2M05342636-0033512,83.609849,-0.56423,6.54648773919029,0.143288171667694,0.303888205201712,0.0334393828838643,-9.53710120011897,0.31746998427453,-3.67676213502546,0.288172484788201,-3.81405134599839,0.245237663726549,206.70912664653,77.0278710461156,1440.20316148466,58.8923048087881,5.72583797670259,3.7849288617705,48.8095041272506,17.9285863137634,6.15041920617542,4.25707706632647,643.179934349167,968.449569801012,3.09486443910474,0.0408649142262507,0.319605517764021,0.310404536765414,0.935188619465723,3390.56056696238,50.6217533742054,1.01996079167927,0.0905752421340828,0.0250515367891173,0.0121648674549822
2M05355862-0104452,83.994287,-1.079246,5.60288636417752,0.251921198298016,0.261311701312193,0.0115318962210543,-9.20494770463175,0.637340597458733,-3.02522900702344,0.668368134474037,-3.54509187686217,0.50428444237093,169.028704994382,92.6587130453673,1399.47371466295,53.0810927787279,2.81256981518894,3.46714415944821,47.9701790076677,25.8021786777014,1.04660078019627,2.45198991404515,838.562685853507,1843.82791477357,2.46070249249011,0.140706451421788,0.385645617572658,0.375680237045019,0.907792645847358,3360.9204045159,21.3974648474089,2.07261420284509,0.187757694846936,0.00493612255805355,0.00406708086930376
2M05274199-0144217,81.924991,-1.739375,6.29831002293989,0.0574432313858448,0.756844262513849,0.01109450156714,-9.28304833095504,0.477675765462891,-3.28257729715531,0.47409555772043,-3.11663261054564,0.51287322957394,160.867779283305,98.2851841391121,1392.40201041705,49.3202751008095,1.51837192137551,1.79845832025442,7.92292135517428,16.1242132506735,0.582531990462168,0.866652746862623,873.008979070922,1990.08699753029,2.82635740528927,0.0174931989872096,0.423099020551241,0.221118316744701,0.895426671689883,4099.75416699417,19.8193334089438,1.70082898049412,0.0690303875538945,0.0103448609009111,0.00420254952102212
2M05355543-0113318,83.980986,-1.225519,6.52034395524507,0.0617726831945959,0.698402672411647,0.00887105806539734,-7.77986967715263,0.129058400988158,-1.79264035328582,0.287807264563844,-3.60042995808733,0.438712237244471,135.490233861602,107.848826959671,1415.4638600207,50.4252072714888,7.99431062293288,4.21530525929425,24.5204874153202,13.1387336796738,0.421733945621464,0.154102534744921,699.705721325139,1423.82200318386,2.98252930604466,0.0209304992652051,0.146843392469823,0.148167465207771,0.934699425769418,3952.69855884059,17.3095012235135,1.41091517713201,0.0605476590652495,0.0100693049654261,0.00455147282201943
2M05432925+0004589,85.871884,0.083038,5.92662232294856,0.146883605607039,1.65766192935391,0.0467734334616801,-6.54729617324931,0.0560433035277308,-1.3625044201248,0.524015639346344,-1.0751248118908,0.941093392660838,41.53038376516,8.18965399199879,1347.76983761174,53.6517472604547,11.9717093660378,2.15511065299085,68.3064207320453,2.39269202738834,0.475903027247287,0.0823459423274731,1663.79630569653,2702.86644959738,2.33210460955052,0.0305778430234913,0.54440975693524,0.396316980033277,0.888489741358546,4892.79987606769,28.1671353377242,3.17276117134885,0.392924621732893,0.0322775668913663,0.0574171669714555
2M05415489-0141379,85.478741,-1.693877,5.73538479177229,0.442450151544793,0.313967628933687,0.0249873709952086,-7.39722521251304,0.181561169953832,-1.23930105405057,0.201202009487421,-3.75795369169907,0.191996756306784,140.86542406202,102.502505663027,1427.62215933835,52.6940924952334,5.16439662509891,4.88335528071328,17.2741647233252,16.4199937194908,0.798268498279289,2.44066341899908,762.253038236246,1820.6540058119,2.57222352430894,0.0388418224678886,1.76441377130365,1.04105260531345,0.93428294689931,3453.42331277164,38.0964396883357,2.14927013989884,0.545949005461655,0.00453942524407968,0.00268966053839984
2M05384053-0233275,84.668899,-2.557656,6.001760112881,0.148266533613446,0.230319528315831,0.0269233715897762,-9.03457903387671,0.654933739627328,-2.88594599954273,0.716955942304317,-0.874651456824533,0.784289305562682,142.309283394352,99.1358842173539,1389.35259803298,49.5465206820943,2.53102631259278,3.10669100316235,10.3804104456821,14.9048410312967,0.520260868778812,0.815139427083668,1210.9126935216,2689.07415661684,2.51579436771663,0.0539744780615219,1.07572853415934,0.592287491653484,0.936132891788221,3288.35324376308,47.1690371928762,1.53146979546105,0.166473485417941,0.00529635443183973,0.00459361940176171
2M05384917-0238222,84.704888,-2.639512,5.52912320582152,0.221743250450559,0.292671208838067,0.0201929527725369,-9.1807209213821,0.629488872722287,-2.90247955489339,0.65229287593006,-1.98570148762043,0.959615287473525,145.816704611789,98.6769069914801,1389.03966447652,47.56851582579,1.89125170663168,2.23985138295577,9.60583333660769,17.5035425939527,0.606852461751523,1.00313794300262,1043.1841237652,2343.94094157725,2.58773119306733,0.141936465163387,0.333927820175187,0.309374055611734,0.933031332356017,3426.341224444,36.2470818481493,2.27605157926415,0.165722914436017,0.00323575338249316,0.00238333019101428
2M05364407-0000013,84.183665,-3.67E-4,6.99852213901778,0.577588701734096,1.10501519016042,0.0127816374330807,-8.77441873324413,0.382222719134822,-2.40196621154422,0.46633191521845,-2.13187749022349,1.32030813921542,203.902906637662,52.8070575730154,1404.11981950131,31.3042430949633,2.08573112100325,1.91860571687235,7.06155542682832,10.6022715775404,4.29670109409351,4.09617066435496,605.114833883185,3567.11433095299,2.46066489275144,0.013738628532507,0.648401710619379,1.42547552652039,0.874355036520052,4671.55998261497,69.0069552911373,1.2662863661598,0.765899548341539,0.00915626404528133,0.00441878443679208
2M05321016-0037124,83.042342,-0.620115,6.48146224388633,0.0892381186554205,0.861567273061888,0.0300622244998036,-9.41769023539724,0.428858934854412,-3.34537927926745,0.450375784634111,-2.49780095376255,0.894963897270109,152.549571663521,96.072396634768,1385.4935702232,48.1927887731068,1.10204028317972,1.06145957022856,6.22116829693812,13.2913852678788,0.536950405481461,0.678432971180805,882.624416559817,2080.39186399942,2.7891746683231,0.0180264355725512,0.305367258758361,0.282975118952161,0.93682556222122,4182.25464061638,28.8651218001851,1.55800115490877,0.0883406788593853,0.00966014730085961,0.00546855883190474
2M05332970-0110420,83.373772,-1.178335,6.69203415803768,0.0983368240329185,0.718190834318893,0.00536294036879709,-8.80911917704147,0.569300905201522,-2.81536837825625,0.628250616065552,-0.988032891084574,0.851459998354447,142.10375710288,98.5495718633472,1400.89668986851,49.4319576371706,6.65451445582488,4.23427660991738,27.6348348678123,19.7518075978713,0.915048680823444,1.75866132540508,1060.50475518217,2420.64000992065,2.45133559535367,0.0276920900856092,0.535119265511338,0.36463650020466,0.936429317237009,3934.6929376025,21.8849809832709,1.26292013047367,0.0850999376750249,0.0138757238338388,0.00912433351298295
2M05384227-0237147,84.676159,-2.620765,6.18785009856227,0.101248845223079,0.543059361307284,0.0221943154120889,-9.37423434978519,0.475817563167497,-3.43229438508908,0.46302220990956,-3.76991283238151,0.329121243537703,198.991011106457,79.689673133895,1402.76122145613,50.3721954507253,3.98205162789546,2.38674890722404,61.0597575860216,15.4954888135215,0.62091673033725,2.07195856301822,712.994649731133,1316.2241119985,2.48682548302153,0.0280102913343583,0.361052622153438,0.311779399714211,0.939854010965806,3816.0983162748,29.3751762782629,1.65428314407283,0.117240106850232,0.0157030090937181,0.00866230380343572
2M05362868-0017235,84.119539,-0.289887,6.05822655193352,0.161691150553686,0.979309133127216,0.0356545772116736,-7.31650976846778,0.173653756157116,-1.28393808966157,0.20163030712223,-3.94657807433621,0.0717540354774422,190.578771202171,75.5823066637423,1482.42122616699,76.1265444150924,10.8724964901967,3.2399768283844,45.3875486060077,10.0881866706187,6.0576914672275,3.41598018754834,381.903106600879,397.080150458211,3.25159236004338,0.0680347860807664,5.68512979196645,0.512929153474375,0.940751587604111,4437.65149562278,29.0858866985382,2.24351013521218,0.279997317819433,0.014825370451537,0.00413906380389409
2M05423334-0025505,85.638942,-0.430699,6.75106097496098,0.119778793409033,0.433255090205785,0.0395333008362867,-9.62682054753367,0.364457463662269,-3.57531938124358,0.325762702658801,-3.58863173853951,0.413166490484125,188.594837503981,84.7175208874488,1409.7677794994,51.1927619238081,3.7768662310803,3.19314377051462,43.3222115933392,22.9450934702873,1.55579556705531,3.04804197096571,949.478822239572,1819.9381958346,3.03854498101312,0.0409101915269317,0.717407801213251,0.298212380774054,0.888871558901293,3583.66082001214,50.6958990968783,1.00510761262647,0.0713590148512861,0.0147443775141991,0.00775349742846541
2M05333084-0127340,83.378506,-1.459461,6.8182132165777,0.0517612530903215,0.723072237545502,0.00583296692458718,-9.66941669476607,0.259673687542225,-3.75472322711165,0.244620035664885,-3.65235898708978,0.418890577693936,194.748254386211,79.4421000545199,1331.35425063412,45.2294145025192,0.778432632683753,0.722618497122702,55.3580162029917,26.7262365209396,0.518113122095291,0.235625687006683,610.358756334073,1168.01052440454,2.92491776112983,0.0225521830403148,0.127651910348913,0.139719350759599,0.928955376739395,3914.71773534885,10.7379777168969,1.16124309543433,0.0398856927393992,0.0216257709007251,0.0104482849309234
2M05415319-0157441,85.47164,-1.962254,5.66831591169219,0.102613536481755,0.834890043697599,0.0289547137259675,-6.98640583725019,0.120839614306048,-1.09502280057936,0.109971984540326,-0.121237056176781,0.254471984077164,73.4595592707,34.7756603766686,1414.0091009941,52.2703161889775,5.80861470316662,4.38860942140246,17.5534944540926,15.6978595787538,2.35625066952537,0.8288803056959,3763.31440885907,3844.76041246373,2.83522786179792,0.123488542458346,7.06271840406375,0.332554801763052,0.938600146924753,4340.05067793618,27.7427245293388,2.92469383326623,0.261522325318332,0.0112138202352423,0.00567064064924132
2M05380477-0117187,84.519889,-1.288551,6.89721289353948,0.0678859387681063,0.56356544200863,0.0200475793577571,-9.30612444440057,0.429740701856574,-3.30727478326631,0.405609952995214,-2.34074397940407,1.05098905697239,162.980029333195,97.4909152717263,1410.32136383336,48.2147225135518,5.60270639594005,4.25891202814904,26.2649997033674,18.3622115117901,0.734349763795189,1.51672928742183,926.343852250931,1930.43026256894,2.9330799259104,0.0302571541720138,0.472239919030358,0.225600730152277,0.888484012820429,3735.7452372073,19.9013594598187,0.995852917198167,0.0468625478562322,0.0130782690697787,0.0055880353224107
2M05344097-0122442,83.670717,-1.378948,6.31883523004271,0.124534571934916,0.517528011213163,0.0298354782413425,-9.40906569354474,0.470271551248651,-3.3802449094472,0.469416162546447,-3.32349383871357,0.856676341777349,165.322228934044,92.8745087204134,1380.77587307641,49.60616144442,1.80361014042842,2.58105753126394,38.8180757648837,27.5469738488898,0.660337415283836,0.716766204239531,854.186768807445,1742.84532507153,3.09038264345641,0.0596197584733362,0.227990858352792,0.241349322973123,0.930291676167175,3746.99376847227,38.5912142701443,1.47630200255365,0.124285800767197,0.0103653995328415,0.00779671808532607
2M05405824-0117047,85.2427,-1.284653,6.36392856872092,0.134756016826817,0.435480062017133,0.0349365463117756,-7.06731177366344,0.203231436032345,-1.20199580118012,0.198001278162061,-3.71874526733898,0.206864435604359,128.182305428466,83.6324165018391,1422.99616294713,48.7265124519221,1.68388223721626,3.03968995958586,50.9671279349646,13.3004939628784,4.62687261180264,2.40692909522854,1813.33980408875,2734.86866744237,2.58434018864445,0.0403714844820511,0.386385379497185,0.321404176512649,0.933485963123414,3613.66525801003,48.7556465184928,1.35234649772283,0.121458038516563,0.0116119245275122,0.00528723455120671
2M05415980+0035270,85.499189,0.59086,6.05687917627152,0.110759352082616,1.23312538880992,0.0398050131788222,-8.63533236914945,0.736434349165648,-2.83706024665398,0.740550378776193,-3.45179604223934,0.427267360835198,166.905403892423,95.177976416725,1403.34855186809,50.8776754071317,6.41730418077449,3.89989823269214,34.1212904123899,21.1880698207095,2.75639056695272,3.1425768577303,854.069181313248,1937.18739804212,2.440266065786,0.0155637961362858,0.735787761110818,0.352692080696979,0.887700393053477,4655.98243446011,28.0769270254286,2.47208031633466,0.211714123325486,0.017241958045858,0.00701097362592776
2M05384159-0230289,84.673323,-2.508034,6.64708149610811,0.108532042017631,0.428446375930921,0.0257035557417675,-9.44646695897146,0.435252650962842,-3.44361092446203,0.413417273054744,-2.64058758810611,1.09412417257278,151.64480667743,98.3116115323971,1382.81538235768,47.2810334344446,3.03049716360596,3.31637511753884,28.0949575909643,23.4094280021142,0.572061479075844,0.583313611645437,851.215198312119,1872.64174946035,2.6613232750121,0.0438403009903632,0.374036125821322,0.31932351549677,0.936521601439361,3581.93929254051,36.085396212859,1.08171427616991,0.0789806649980916,0.0107989484146216,0.00660837764048996
2M05294511+0215396,82.437977,2.261001,5.97497682684509,0.0660515923465201,0.766278335094879,0.0208001170950267,-9.13854089468737,0.585576911390401,-3.11166767736937,0.574480821463036,-2.84186852850746,0.470789359786674,158.000555201902,95.8058289149012,1393.7754335025,46.5682736110537,4.14674944961415,3.16594515561207,36.5279615438213,22.8994018477759,2.59490082127497,2.62670118028132,1088.27011284638,2507.74733699377,2.75401469647529,0.0272363346193389,0.203942192122802,0.182544020768487,0.900343036989002,4208.73706503872,25.1714519602433,2.18439636662402,0.1071560962119,0.00867063211106736,0.00367195950919237
2M05400592-0203271,85.024706,-2.057542,6.36434273472847,0.0918195551493297,0.732684062162875,0.00551822092575333,-9.24261320924755,0.562969263876705,-3.23481066476436,0.578568900538973,-3.15942162862639,1.04307389213067,164.557921280015,98.4500074357177,1394.44987796779,48.7793178959109,2.25945249262595,2.97750309371453,20.3784207261788,26.0397458102726,0.942336738640071,1.73593919652321,913.825369770785,1895.24944394747,2.49576924373415,0.0158064165784955,0.535068713663893,0.436780087152243,0.888407216083296,4045.58367524476,28.1147988086875,1.60323406327256,0.10577317127375,0.0108351729165081,0.00850191893232228
2M05390878-0231115,84.786584,-2.519867,6.4009396447741,0.10191887231552,0.433278094465667,0.0265926674566202,-9.46882116306348,0.287605965763064,-3.75312171289238,0.216328684535612,-3.4190568569028,0.25744229471262,109.166943519314,65.0689631763066,1294.26108922668,29.1294055974716,1.27773402163651,0.594594100257262,67.7298164050523,2.89262586972711,1.09933325572536,0.207963675360667,734.631059659955,1566.79303371162,2.66256827733967,0.0517820130529041,1.4547034912584,0.328946912877766,0.938025601710375,3604.26537384743,38.469632751033,1.31233110334859,0.0900007642437845,0.0144856936122409,0.00543268124965707
2M05332472-0135180,83.353005,-1.588336,6.94373686166177,0.0648479651177025,0.981793804665617,0.0190939617515867,-9.54864016275831,0.354138090302484,-3.57883896325473,0.358174537612106,-3.41687434258025,0.844036475774879,188.879509485475,84.8055070337486,1385.05825197568,47.0572171808781,1.13276959559064,1.32262073809446,32.8935620796398,28.8187170850023,0.649329286528688,0.55853689482872,843.488470075108,1770.23720616558,2.17096657187459,0.0356493891356902,0.318657691788091,0.300971156814697,0.932788225897106,4309.72160931024,42.3950401880516,1.22015620281032,0.0472403047738839,0.0183080461292532,0.0114752208571864
2M05300093-0059367,82.503899,-0.993539,6.93866747349412,0.0604008143661003,0.697805566501439,0.0121257767945681,-9.43431417991394,0.416301950547134,-3.47739584077746,0.43686616702878,-2.97338729188682,1.19895329820129,164.79801439619,95.2918971393052,1391.1315014182,51.764485619169,2.34003042718196,2.87817991279447,32.7553021315291,27.2786009788549,0.845573220178233,2.07199905270368,864.261775573006,1964.36370880735,2.79047364590709,0.0281362731791421,0.439746719117081,0.362796612089672,0.891604179332985,3869.62584651789,14.8206516919674,1.05629580746383,0.0435169562227693,0.0154678738491263,0.0109860276799774
2M05390853-0251465,84.785542,-2.862931,6.39506090426529,0.159218626797723,0.543232636212986,0.0446321231653427,-9.3271385179659,0.508471621511131,-3.26180920216531,0.539310813455139,-2.83338395802179,1.19422378350479,157.394047138272,94.0857651102986,1390.58353984541,49.0614023389599,2.70005344383327,3.16993986420426,27.516258770706,25.8052909244359,0.72090222084392,1.27813801784288,952.611346407052,2167.36160510916,2.53059410693749,0.0985460466565911,0.290383172834313,0.292608958357255,0.934188966295695,3773.62533586829,51.4957894873339,1.41966918592801,0.143761750191348,0.00906458937386322,0.00719014712869051
2M05320780+0017047,83.032541,0.284654,6.97562130202524,0.0229324799602213,0.700280738537566,0.00334809207544595,-9.58954849532057,0.272751381712657,-3.74713394821269,0.2579663668589,-3.70654468698438,0.418299515264331,217.690144975838,72.520109373965,1418.8170968123,55.3694381791291,1.25772483640414,0.958103598185756,62.5039220899958,13.8482479013065,4.2558558424406,3.9691649955214,635.344078908769,1341.75570385019,2.76760108533754,0.0333902853426136,0.435294706302024,0.217157386748314,0.897069197653777,3867.41398988155,1.58917513481993,1.03087201684901,0.0158445965651156,0.0343645225198909,0.018682050533018
2M05424581-0215232,85.690893,-2.256465,6.39298721518217,0.113559490291847,0.681595021256554,0.0244772898735938,-7.66003278222434,0.171383900940594,-2.36958564830565,0.777431676058411,-1.76463121688665,0.955882234418263,29.05608046311,20.7335075043321,1423.09464886503,47.585694421836,5.53501894150743,1.75009331633415,60.7096429849465,9.99328384769576,2.31357802298053,0.810537540420535,1108.08985384091,2506.70293577103,2.55535994478571,0.0246860832596849,0.603522059616363,0.353759264530912,0.940427540671485,3964.58718027769,34.6901522446997,1.53246484788405,0.118533570825579,0.0192661486949585,0.0671126276166901
2M05365231-0121246,84.217977,-1.356854,6.45272267546435,0.0626862911860853,0.743964653251015,0.00549490642952771,-9.54078612423478,0.362925082003671,-3.54101983284403,0.366275985032587,-3.63251547674522,0.524113335114474,191.071629691816,86.1048699323346,1375.40589731658,44.1665757579295,0.98720765900537,0.972208777839091,33.9509211256248,29.6945510208666,0.561529487590216,0.401230341843353,804.347057992174,1652.11780929328,2.86936360051092,0.016085801014984,0.23273830300954,0.241704939920492,0.929238598078227,4032.78699440216,20.6454505160366,1.51250636183107,0.0671551389246969,0.0147741001205638,0.00873819141612857
2M05341543-0214437,83.564296,-2.24548,6.58751178206646,0.0998102175900812,0.382552442072472,0.0208205637919298,-9.5266300537709,0.353830590359679,-3.67994550203166,0.308414822107114,-3.54414112669847,0.400811591857989,189.519094941304,82.3238936543996,1405.47608817738,55.0430725976454,2.60338474468986,2.15901801476375,60.0171998942881,11.8207186969293,1.57760530336699,2.98005499044097,722.346324245355,1457.07329450622,2.89451985936045,0.0363178396920614,0.479165915516107,0.291049124072181,0.889957191388128,3514.31553362012,31.6273019820208,1.08572001374998,0.0747159627669581,0.0200009437168437,0.00910902428302123
2M05344890-0037167,83.703787,-0.621315,6.19569475401987,0.117615475469629,0.958479708449207,0.0338837680883686,-8.47123723429151,0.773903091449362,-2.62859671537752,0.820648076436504,-2.9215765239208,0.693039037121968,137.08546361557,106.547917264097,1400.78006372362,50.3768011748771,7.5012617112197,3.48360342537042,41.8493532682727,20.3061603646775,0.555279233690261,1.31571896244776,902.855111285282,2103.93928577588,3.05173891076364,0.0171935400882177,1.04675522731443,0.35242084192461,0.937046850094435,4386.82249130355,30.5827322746022,1.99992002071592,0.164074755780512,0.0109897313912452,0.00531496833408104
2M05404676-0210499,85.194862,-2.180552,5.08656745555149,0.0878748178136517,0.259859074001769,0.0117590770930962,-8.86528663902007,0.78908395218115,-2.5708302965272,0.75414764857119,-2.76126083196639,0.300073189933309,140.651305829939,101.243320261269,1369.82990687746,35.8880939778353,4.40791929209235,4.14099504163718,19.7588250355197,18.0471606535199,3.02258338522344,1.24162669159633,847.11295433727,2168.98563546529,2.5773216102938,0.0293817874061648,1.74444977579338,0.261215390733513,0.935850189633566,3377.96671328278,23.2204442467892,2.56533508240222,0.115283450036326,0.0028046857260739,0.00122026337574392
2M05401513-0057266,85.063077,-0.957402,6.75856635548604,0.0778569509109603,0.532409415888518,0.0191214380316672,-9.42918338286422,0.422823788057558,-3.5213429202655,0.367006761408481,-3.53882046515694,0.428903976961611,173.95778234544,85.7641789995095,1409.53779881352,47.025506453344,7.11105508915639,4.07590509017101,40.2992251337738,18.5826847109529,0.539618245467853,1.43499575171141,788.017442521364,1700.8941086157,2.98772700510684,0.0281493534764901,0.204003113586754,0.180051699783511,0.889795869366979,3709.20184731996,19.9924092913291,1.07635058894522,0.055380100080724,0.0169111347945127,0.00769571319935233
2M05401702-0218111,85.07092,-2.303111,6.34832386314455,0.0802541595206447,0.61127612089748,0.0232194436105724,-9.17760496858596,0.592708384535477,-3.18001860795096,0.554958968430767,-2.74388765580717,0.683795015592239,147.70362911103,97.6091953867621,1408.00741122202,47.8994605585854,6.83730618525759,3.48999147640451,40.259972035975,19.7533697787055,1.52129241514433,1.4969639216412,911.053412072092,2104.1167742358,2.56031887909775,0.0189288757636208,0.195737245834738,0.183071440130414,0.931949776813827,3879.60607345129,24.867935362714,1.52497972463452,0.0774777385032049,0.00964323569602121,0.00426247778511654
2M05395172-0222472,84.965538,-2.379785,5.60864306347625,0.234730556825365,0.185845321324827,0.0151582701682373,-9.34220453319765,0.434316451441886,-3.33306832962615,0.412700921449813,-3.86548228142251,0.141336306542652,167.357644279525,88.9514103748723,1496.17241222022,48.9244273076204,2.51147560683367,1.32575806330533,46.0548067126845,12.8536592579101,8.03041587556968,1.64669035858372,754.29283475851,979.965834665884,2.56918763929579,0.0478994360486023,0.970258577980422,0.345345293138536,0.938534536788609,3199.90740585957,39.6205879435511,1.66157390440387,0.0987739836712084,0.01082743247838,0.0063681349035368
2M05421319-0158336,85.554967,-1.976004,5.81932079889808,0.128208547042007,0.897384648076117,0.0296172068273816,-9.20761409914966,0.555718691088811,-3.18972202737171,0.558468329438262,-3.13389344905251,0.587043307969076,180.965290144777,88.8923846841873,1393.4272963332,48.1423363505979,2.22910488316215,2.9420114963164,34.2405154429349,26.6072446722432,4.21785338501509,3.24136753491167,857.927243336715,1951.46434322366,2.53796283646899,0.0667087681173495,4.21130724569171,0.791909440820383,0.93715797338963,4387.60430060719,27.5988447141804,2.63469914027942,0.273181703709374,0.0102217285295199,0.00638741582070951
2M05404482-0211500,85.186767,-2.197247,5.34678159773485,0.0606239909514059,0.623075825279882,0.0181346515630185,-8.74135719190233,0.603863187562528,-2.78125686933678,0.615861038262359,-3.91796849435404,0.0853214069790076,240.529667316781,56.7962685071243,1462.38548557718,37.0665134412526,3.285093437953,0.460151376381145,68.7837387739634,1.24026737323285,7.59855001832019,1.75645413519454,459.604772030501,446.241590291906,2.26352697196724,0.033924196115527,0.0609807942967837,0.0657708282109191,0.941115933438217,4116.15393889058,19.9641942481121,3.66072172726356,0.129421252652015,0.016966799689485,0.00540474505187761
2M05384719-0235405,84.696659,-2.594594,5.11900151050087,0.0834498893518467,2.29402442346106,0.183448795484048,-8.63383694700216,0.852147671563765,-2.45954709473617,0.840302759875765,-3.71641025747949,0.466096020492996,193.344046958523,89.5328083178319,1402.6231048489,48.0151521153161,1.07102600171716,1.05215758759156,10.9515701029643,23.1071190504267,0.694145541210191,1.59956561145583,723.287802409612,1447.92803484338,2.34440339554325,0.0657093549043246,0.0926896148690817,0.110050295933761,0.929744944707018,4831.52788766209,29.6614926537572,8.10276631537275,0.924150280229036,0.0062221560076997,0.0048038166143306
2M05322578-0036533,83.107422,-0.614815,6.04830104302158,0.115337319903603,0.458640322342157,0.0161457205361425,-8.87607323954816,0.50886419508538,-3.04681623681982,0.638296806316202,-2.61033619254881,0.396388544595688,128.685400292539,112.393923525048,1403.25232171586,48.5916150393045,6.37040955029241,2.67837959951387,65.3335726031941,7.27924823034283,0.372204806939697,0.0979331744045725,955.672309408154,2264.20173663902,3.02906649306184,0.0225877302006052,0.356371749202192,0.323433365283866,0.934970345019743,3695.14591988895,25.4784427504924,1.761570602951,0.158589790872536,0.00794218512970456,0.00450110968665948
2M05380674-0230227,84.528101,-2.506324,5.91799028537087,0.119361396074399,0.534997946188872,0.0433172602647857,-8.69863179891742,0.712241107354951,-2.72932455145063,0.71812514248221,-3.39850406731964,0.481310293072878,158.736430898397,98.2309040138637,1407.81662338107,47.6568970749794,7.54197853642546,4.0370873470619,38.6350545234297,20.7126146848116,0.529493861728495,3.07576630941912,882.908350212379,2050.47546755728,2.49094447275477,0.0254784358633844,1.605870107812,0.386902626591917,0.941514106580087,3864.29419505842,64.1868291594819,2.04046876680945,0.177964800482976,0.00826030084481683,0.00411472541203022
2M05324742-0040341,83.197621,-0.676152,6.96490168601495,0.0368201089752533,0.719075323660365,0.00543085352407174,-9.59956254302172,0.308861702058043,-3.62367763396108,0.317415762984275,-3.09854961670974,1.11914418543144,170.412122550806,89.9987239868263,1361.63347999207,50.8484538182107,1.01409901459089,1.05289673270717,23.3113954681784,28.7788607495639,0.459151603446527,0.326634716204324,936.866364091388,1978.18925132965,2.84453200000295,0.0262378039888564,0.451208958116214,0.336343700581558,0.934326375466638,3891.58953995289,10.0252150720219,1.050478744913,0.0256722923348417,0.0156440904915686,0.010614708236398
2M05420934-0158048,85.538958,-1.96801,5.66140382853682,0.18403053624414,0.359028038633142,0.0236630471905112,-8.99571460959972,0.710872812447153,-2.85954431227865,0.747396520027717,-1.10354453945708,0.801630526506392,151.159868893671,98.7406742453551,1395.93827097049,50.0787196662974,2.01950352767067,2.46283729683929,8.22062771582605,13.4829192189406,0.556411016759877,0.964707975326333,1027.36994608152,2208.3494014804,2.74111202640705,0.0734605601436438,3.13264648036775,0.694353860001181,0.932393497160376,3551.91013994854,42.197267235508,2.40871201146594,0.242235911415813,0.00543883568743177,0.00377963536622219
2M05322557-0017343,83.106552,-0.29287,6.34908862298665,0.0852756696480959,0.378828452350519,0.0273445225595111,-9.51736439041813,0.3556198238341,-3.6350240103341,0.317734025105511,-3.8175613845258,0.189584335947049,217.920124232223,70.7225546455578,1428.85734258907,47.3390239122924,0.891508609782,0.927139842914511,58.4732565761657,10.1729900269852,3.65881537401196,3.76754002798346,591.111842670415,928.187435371792,2.80587399583467,0.0361243499986392,0.624099947001,0.277986386023089,0.938122121875557,3522.19213265129,42.4237358584951,1.30719345190123,0.0699401627150357,0.0236970762013309,0.00945705007144348
2M05343729-0020176,83.655385,-0.338226,6.87053156063975,0.0907620992417253,0.520425847349065,0.0211531888097992,-9.56144037839142,0.347945314489033,-3.60789968182092,0.35731397324606,-3.00985300138613,1.15906032471113,170.886998640601,91.5398590537931,1383.06536023427,53.5901460494753,2.02855262404934,2.41355960057737,43.0009646088797,27.171247291783,0.704747852173901,1.38757438361206,759.889063464426,1788.3953304536,2.61927350511499,0.0403345414946816,0.339592384981486,0.303942410414839,0.934268694269481,3690.5515481054,22.5970289548491,0.986158642022518,0.0610136356993197,0.0152497603071628,0.0114990640180312
2M05391883-0230531,84.828477,-2.514762,6.04759889065959,0.0798170142035448,0.598194405330609,0.0305671921359262,-9.28424506972836,0.518401181370836,-3.32405118044251,0.502161225941653,-3.72043618208326,0.240299562325612,195.133404868908,81.6844933662435,1410.17483671928,49.0915507044748,7.01330880093382,2.35610274852483,57.2768977263369,11.6277689614825,0.491623224124572,0.138855968279603,729.535462255607,1413.91999022881,2.48493250187548,0.018878367001276,0.204293936697031,0.185411024917238,0.937970721600825,3939.88943529619,37.9389191693431,1.89667367751104,0.10108943030562,0.0130057373719769,0.00533654783677526
2M05375904-0105527,84.496018,-1.097993,6.23226873329274,0.103976067530851,0.983985138853398,0.0355437838662188,-9.14550569349889,0.599242007358632,-3.12507709314626,0.605345713448704,-1.70069270383272,0.825424244876502,147.01979580392,94.4090055550738,1412.74342021039,45.5979050478257,7.8812217262184,3.05431130556306,48.6048466510936,17.5557220350591,2.83664922380769,2.80321996292227,1008.83460292708,2303.05803122625,2.96210617395021,0.0167769222625263,0.836248390307764,0.329300983721121,0.890107976380831,4407.08248035848,30.703484442859,1.9653458895796,0.14328958993545,0.0117068506601369,0.00538807527878666
2M05362428-0042120,84.101194,-0.703339,5.52875061210921,0.246204315839284,0.562373870333775,0.0666429712563648,-7.66542337316939,1.02905023518898,-2.08414757586343,1.04968289629351,-1.92452376847299,1.18014455554681,62.8841440776062,96.5220638796548,1391.58869643727,51.5624609236163,8.68500206189286,3.85059889570329,43.1582597680516,19.0110495028706,2.42397483182963,2.65697044724068,1148.36229104297,2623.13923414963,3.0818943186409,0.0203323817409349,1.37210804702155,0.751028560313296,0.937062910311114,3998.78171935419,96.0287173810602,2.97085963739801,0.523780267395489,0.00636052078184645,0.00824177897815897
2M05391151-0231065,84.797978,-2.518485,6.18888106968414,0.164084156432487,0.471944281053423,0.0322329388553734,-7.21517229393457,0.119054759784391,-1.21284112049798,0.3261630287468,-3.53174216475787,0.702543629218248,111.954624748089,104.419039341098,1395.9118877455,51.4463935111223,11.5234919054227,3.40674493904526,50.9519612416679,22.2373901643764,0.338180868201635,1.70575791142199,927.209701559194,2413.33505065248,2.46365563855241,0.027968339217004,0.34962115334202,0.331579531751343,0.933611204750474,3696.15902827033,45.9836375565121,1.58774035705243,0.186808925403291,0.00765907013025409,0.00489429625203578
2M05380097-0226079,84.504056,-2.435533,6.87402225650309,0.072215388254838,0.459619399225,0.0282257390832757,-9.78051648791362,0.175498713568923,-3.83747785573332,0.149199326818379,-2.5905489193948,0.395459174841485,140.627057446875,72.6909307810944,1271.54838558953,31.8598208437871,0.689404201206666,0.220682370527965,59.1600148036527,9.61963694707972,0.793346104444209,0.263309611157438,604.528901893941,1171.78088051424,2.86726442573416,0.0351997267959121,0.127875852937481,0.143695608323564,0.938965606410561,3617.78693884662,37.7753868134059,0.934829452328705,0.0351141682362991,0.0140971574178604,0.00534226138657586
2M05305785-0040376,82.741051,-0.677132,6.25202404782945,0.0965542528269565,0.741741859234216,0.00473890110127523,-7.13493910765327,0.129434516779952,-1.13915262268495,0.220977913851936,-0.540673907823375,0.860491822815728,98.659528385822,82.988403777162,1391.75119964348,51.6706611412811,3.72346163395009,3.8522161650158,9.62868577397472,25.5598286450012,2.53104635895158,2.62029252209772,3034.62628149091,3662.64632300622,2.4295105825139,0.0354560954987928,2.20885079771306,0.457800915595568,0.868943039624939,4094.21371476067,29.6589900915342,1.74728709037415,0.124216391623607,0.0131806646396298,0.0100197946740336
2M05392927+0003390,84.871983,0.060852,6.31530935269023,0.0869274092121208,0.740127354110503,0.00833060778676437,-8.91522980141651,0.598431401334404,-2.99328277134399,0.608197368089966,-3.1256498058812,0.61358292399633,153.839173604376,103.40889325916,1401.55195618079,48.622921728496,4.68155376423732,4.40655544704472,19.7347474035115,22.3534491120159,2.31228167352385,3.00777329927769,829.67650003579,1836.39449211375,2.42762335336324,0.0223878508640858,0.817316323814263,0.305838051378078,0.892735394902427,4070.7192901143,28.5809960296287,1.6665215132447,0.104168969731727,0.0109095063819986,0.00508755975036553
2M05425881-0218370,85.745055,-2.310302,6.68996665434134,0.0845988217011038,1.34896217309157,0.0346254895491545,-7.9797171385847,0.176347942735782,-2.16054715821666,0.178432487608672,-3.86027791090084,0.133768544243478,199.586359496755,78.8754885315176,1402.8673635794,44.5704049491237,9.06554203788303,3.1831356629952,39.3188297266448,12.3166980875204,7.1571703045103,2.33684917587724,564.959536609668,1002.85023870591,3.00401845293263,0.126786169836336,1.33047430754549,0.264136800451334,0.939919291423769,4845.5825488135,53.2682790137783,1.65767548227401,0.0944636575535887,0.029345693112384,0.00908946667505979
2M05405259-0259469,85.219146,-2.996365,5.79892947960144,0.211115011738871,0.203665088586829,0.0175566185281981,-9.36427749518617,0.551401231178188,-3.29036516455211,0.530200349073322,-3.51292887321725,0.395346103130994,160.969075324713,91.9503448238153,1390.38722471465,52.8299897991666,2.2393939299942,2.0572107167691,56.5379237549143,16.2343675295869,0.837105875311315,2.04141861579105,885.20529416003,2010.94570093479,2.57548578941486,0.0536954970642269,1.35552111036916,0.367554102910503,0.894449972342198,3226.36170423861,35.3383982893515,1.65679653366192,0.120175041140641,0.00637837192160771,0.00378266386216718
2M05383902-0245321,84.662613,-2.758936,6.71775859345871,0.113586808862818,0.429953430033512,0.0225240383973003,-9.50833836609065,0.330398871356893,-3.66355342101506,0.303564274970921,-3.74216539092188,0.324514690140626,206.892032339357,77.7385069309512,1429.61430370438,53.2089122099869,8.08198228010762,3.42601381530152,58.1889306191422,12.6082278395432,5.64420880468487,3.97598409087646,622.259338204434,1158.13807381461,2.52668418489064,0.0384144086631704,0.30500141294884,0.284143564386078,0.939147712325347,3580.76366373661,30.2196418584583,1.0253165040835,0.0811530525430879,0.026574416572261,0.0144000990878945
2M05385003-0237354,84.708464,-2.626515,6.32230082527934,0.384662494419743,0.190806682320259,0.0292685844320819,-7.08154041641448,0.236936638025931,-1.53236139994319,0.868531439774607,-1.60852827111705,1.23655269893469,132.466896637964,97.8730144807127,1387.93856771859,49.0011682050733,1.34560435541788,1.42068567598199,10.2132023069888,13.4495833036852,0.35734832224318,0.145799920089167,1323.84739082474,2857.6131891716,2.63359111288677,0.055725396638282,0.942079763723171,0.929697117740144,0.930060648579182,3201.02037578196,59.9165567998607,1.02553027444487,0.329521276259013,0.0198277575930926,0.146334621176487
2M05400195-0221325,85.008155,-2.359045,5.7707896716914,0.148398789830033,0.277416279701563,0.0192024461181099,-9.34875946200787,0.51176157845365,-3.34221850450078,0.495785082204342,-3.61086319668101,0.309597502947953,160.155708565724,88.8397069972011,1364.53504149426,44.6901948682612,1.3965731550851,0.834473247435092,61.9090635881371,9.13763620870554,0.596480199989638,0.316774896618129,864.065632408909,1835.58266940499,2.56507954431959,0.0357886411895811,1.64314389241552,0.338113331457197,0.938193033709693,3390.04641361617,31.4930882543774,2.01300534115454,0.129809859443588,0.00717765085802073,0.00361305221807653
2M05381886-0251388,84.578585,-2.860789,6.65384406928904,0.0836847429164838,0.469018125522016,0.0251329121380661,-9.51847880809722,0.306367149582747,-3.67023132824269,0.300732993760409,-3.83707501071077,0.168190751354021,225.126657962799,65.6822132777176,1396.17846290996,53.2544995321117,11.7573852435747,2.53934556901379,62.5224500807397,8.69158924174487,0.450055072359029,0.139590497658622,633.156001290311,980.700986935542,2.49995297131312,0.0355762455889357,0.24797274884679,0.199943783848187,0.937193705249257,3638.24428251698,31.2480784578629,1.11067841366218,0.0584785446681431,0.0263233346476475,0.00933415551204214
2M05383576-0115455,84.64904,-1.262646,6.84002075076908,0.100574393973016,0.705666341523698,0.00591634676262776,-9.4298917683358,0.4389540878668,-3.45936296815366,0.461499163367456,-3.0428836986829,1.10971139495482,165.864487051928,91.2105394076272,1393.67597705631,51.9017836804023,2.99969795877127,3.39345257873309,39.5635897598784,26.0269116851567,0.828463737100389,1.89924121961022,784.500978215751,1838.34372212294,2.83304194926216,0.0208963364709271,0.225949852731178,0.242819581252979,0.888068321954827,3891.84410281736,16.5485632145678,1.13410428503206,0.0778004896310972,0.0148242983218338,0.0115451374858209
2M05305152-0008092,82.714675,-0.135898,6.99929725523093,9.32112283305475E-4,1.50549539340634,7.72563535248683E-4,-8.89056022744106,0.863070406861667,-2.90084724335612,0.855018903407109,-3.15239265950245,1.06898758645255,193.19446511438,99.5676228741899,1396.07678787103,48.4856384904417,1.33956587800567,1.33620050899341,8.76730215915183,17.6927100734958,0.793486577828225,2.58565480311904,1023.97603730767,2134.21974863102,2.75372882402174,0.0216327636501443,0.435366224589548,0.319720912875314,0.877785125833554,6259.28743237227,11.8252784516676,2.04906749993829,6.75629631200492E-4,0.00941752093027681,0.00793106829264789
2M05345278-0032588,83.719941,-0.549683,6.90336141736078,0.0825468564754188,0.716205533686536,0.00643123872826956,-9.47544376575644,0.387841526881949,-3.45901727343252,0.41079980828602,-2.54337863261994,1.30535889149025,161.44905924733,93.8939365699478,1383.21094016786,48.2388323283664,1.78981143740539,2.18590717483805,24.1563913285571,26.3759711023595,0.60796878488584,0.798377316512884,784.952369037555,1723.17061765991,2.1198078174013,0.110818340040073,0.324079567211287,0.299564899580416,0.939536766907256,3895.37355844362,14.0066730806659,1.09259787098899,0.0607614155505954,0.0139461771943997,0.0098313254328182
2M05390177-0037446,84.757388,-0.629065,5.83356779142298,0.307526531940637,0.14773862175006,0.0165909927261921,-9.30196483358105,0.586650659308672,-3.15316378340733,0.637700718170225,-3.23882917548068,0.925052736429105,164.663638272601,96.9335068166534,1400.64463860912,50.6012610605842,4.08024058905329,4.07899590274575,38.3468750711968,25.3748356618547,1.34187585370618,2.9443065513828,817.545474439591,1809.46846470313,3.09460466154329,0.0714304724518189,0.93155709910334,0.74888394926082,0.880593007456993,3095.45625722971,47.7335468320548,1.3321318551378,0.162625063441258,0.00476148171168032,0.00493341722950942
2M05372254-0259363,84.343953,-2.993428,5.74510732652569,0.114911710525649,0.418216276749559,0.0254142829477064,-9.00327348018576,0.725088147098168,-2.884760385331,0.741920009757498,-2.18500361289593,0.97146804354786,145.537517619013,100.12257114697,1394.71350309883,48.93309919347,2.68127485493692,3.55691370969361,17.5735750354912,20.98200911572,0.776458869073294,1.74815981895715,850.044635526764,2177.62545391725,2.05724234629204,0.0809355710492414,0.420423601339899,0.390069376708551,0.889392886981901,3668.47688479971,46.2640462048976,2.27851006960475,0.253611905681966,0.00509213065525161,0.00333252477031963
2M05384386-0237068,84.682783,-2.618568,5.77728178117784,0.23610805961521,0.192052354226174,0.0180244615294444,-9.39369196197702,0.478988226850072,-3.45892560390455,0.438523916161644,-3.74270925663214,0.263182565167143,184.882256138185,84.6982041585843,1423.96375489632,53.1227611867253,1.472368160979,1.76070683179366,55.41663613629,13.5158448368512,4.30553142372697,3.99572555703858,745.880898902054,1324.67339911462,2.59731131363579,0.062213583111447,1.2460517235375,0.381895000620519,0.937242494875365,3200.06954460548,37.2717148250638,1.61316024383546,0.115545966477648,0.0118302299232878,0.00638382731474668
2M05322569-0157112,83.107062,-1.953122,6.44607448491656,0.120393941849245,0.744959327540827,0.00350155214032855,-9.41555912839944,0.413727375799681,-3.49695592466977,0.403084658513674,-3.66108344129346,0.423980895501352,198.066463222667,81.7723153893654,1386.9911586502,53.6433552818805,2.96920997473179,2.17838550359521,59.73141167513,17.7049254376036,1.58532757585898,2.0792020636331,691.836809460737,1550.73958895022,2.39705200521829,0.0241776154129194,1.43776697137449,0.578403678675831,0.93658000793953,4036.10871196352,35.9195275252941,1.52014700925656,0.12874009083453,0.0188055166034384,0.0122493911821968
2M05405637-0130257,85.234892,-1.507144,5.95149416281303,0.153926454647966,2.4520827590897,0.0551642780336195,-8.76308885896919,0.828230495300758,-2.74332867447274,0.818709855620731,-2.91204327071916,1.40879589201871,159.82317909624,97.3113818374734,1407.23810645351,50.7327770554186,1.56227860285832,2.48650677787779,12.988538398624,21.6956047334897,0.732799799199321,1.95111100272436,866.522053623613,2103.53681142255,2.59434139314026,0.0523514133331973,0.0747924229322012,0.0808604660912817,0.928255452818968,5183.89038336049,83.9586771698437,3.91227448836477,0.410406960443988,0.0110678662523224,0.0119681198585309
2M05433899-0141157,85.912485,-1.687706,5.91693527551402,0.112375255476705,0.398717371666949,0.0217006073089861,-9.27132128465268,0.53331309224292,-3.32113352560262,0.514070496578519,-3.70346372894094,0.292640836093469,193.205371740154,83.8319883219299,1409.69945035989,51.0590457343955,4.53789887530623,3.67495787879705,59.1074797542235,12.7161341460171,0.644760131474417,2.46411924194406,690.250813698673,1287.80180242472,2.47321038616054,0.0258502031999632,1.09618266153099,0.424324766830218,0.895670277002191,3593.05983652114,39.1942986138463,1.91378052534161,0.189570903548038,0.0123574694555037,0.00599489534343195
2M05340486-0040172,83.52026,-0.671465,6.99901693454725,0.00111766384829437,1.28529320922732,0.0102012089113406,-9.20372987612459,0.598626662352542,-3.48670126457217,0.526724938327001,-3.45688367976283,0.783869239606622,95.4089511069663,92.7421034694136,1429.00098191278,75.1864932144639,1.40057053452447,1.68032183198484,19.3983799488806,21.1493944680985,1.20055307884525,2.7779194612233,1189.84738997701,2245.53868494846,2.73452981222728,0.0256013303817639,0.260924866077666,0.25302923460083,0.921190333721419,5260.86259919467,38.9018301173137,1.44933763557616,0.0149243779271939,0.0158521937624891,0.0165342812872999
2M05225294+0055578,80.720587,0.932748,6.99924551431216,8.06527251839828E-4,1.4772665408809,0.00582613175213564,-8.87805243758101,0.833303963055765,-2.90628237492603,0.826526428610565,-2.98517026433222,1.24739756717551,156.790033836745,104.867777081273,1411.67073624901,57.5403672867034,1.52560382554927,1.50915321085751,10.2822282594626,21.1265739132868,1.06582884785367,2.21975200098097,1183.71599231655,3001.85161553293,2.95061151494352,0.0218371687795145,0.470282069679187,0.313690589930169,0.885741230159825,6062.78598271688,35.07063937867,1.97975617158523,0.0192227108394046,0.0109461762426137,0.00857076098508467
2M05395362-0233426,84.973447,-2.561852,6.33951264847651,0.158260558058973,0.352202354079464,0.019996027689653,-8.27165551763298,0.253096987590009,-2.32346550618197,0.285829740624065,-3.65260900083556,0.349222005797598,182.940170346373,91.8280925269306,1409.95289129263,50.7394991364245,9.39992492134155,4.0244574117479,40.5221894963677,21.5896278236625,0.871858002963385,3.05948576639956,863.94550733372,1999.90546954143,2.63819290841662,0.0408574992712374,0.802704888615178,0.438634672585218,0.936449177104104,3475.90592965132,29.8478267075509,1.28298203350338,0.156227191267895,0.0111038365329066,0.00485679527960686
2M05423868-0154224,85.661172,-1.906224,5.17713147292008,0.215936769766627,0.163491691360388,0.0119669612225249,-8.03206768877785,0.2263400741746,-1.76221081332571,0.245224298545927,-3.90532599665844,0.103868547066026,193.328089128718,81.8981197719359,1472.80852908704,46.7728239815873,6.21654414861843,4.85574429625296,18.1624992662043,19.4064154423873,5.31639405861716,4.24906617662453,523.904691038444,655.166665708082,2.35464912272862,0.0717330956799023,0.741222800089789,0.553860059756125,0.936529203157374,3120.67122034607,40.3676738450911,1.86560283842365,0.194766724413748,0.00439740466760439,0.00185211943768762
2M05382725-0245096,84.613569,-2.752692,6.54054254268831,0.141551044871802,0.687180730311068,0.0490393237731886,-6.91366777208428,0.0831718501094088,-1.14717907489307,0.159987201143586,-3.77484291700926,0.177794705848627,114.437527011054,80.7547684964609,1401.41739658813,45.781028770147,3.26294862143243,0.747815996900399,65.8786946852856,4.4602720333807,4.0992916363484,1.57766804642651,2770.20222979873,3305.14586471668,2.5501479135078,0.0246999201626845,0.288081736681765,0.307479854064506,0.935673969827301,3933.32689661856,51.5947353671973,1.38049866579258,0.122373780130872,0.0160787344558597,0.00671920205446445
2M05423258-0138123,85.635754,-1.636774,6.05431465419889,0.0944704594911272,0.557040025563955,0.0454818279704817,-8.66515121827928,0.581754230915443,-2.52409443963762,0.605156812390494,-2.69607603909238,0.28125531244139,168.921549941336,90.5832379616041,1468.85870665886,44.1366656647259,8.47678322790459,4.3396920251957,18.3527209418833,10.8817952407063,7.8417782225907,1.86674632755343,1165.25008412049,2358.8747468625,2.54617342208653,0.0333613600578553,2.0814110804972,0.295047434223676,0.938754256158473,3866.58258240073,61.6378320343003,1.84817264282791,0.113778871997564,0.00773064939992762,0.00301903990311653
2M05270776-0129461,81.782334,-1.496144,6.21632932269724,0.0823059006600055,0.723861120893347,0.00878514562871041,-9.27856642924137,0.56551492146194,-3.25285407028344,0.570646407054126,-3.32284980487551,0.941770180474935,168.730951672508,93.4269550693486,1392.29962336257,50.0315076857012,1.99631477809239,2.8244093763148,27.3086199286292,28.5176064563354,0.957395092058046,1.94694342216522,799.763186685894,1704.09251818066,2.90463272294818,0.0357640680942484,0.303964214512823,0.303818825761278,0.88900609539713,4079.5168381395,25.4264376261797,1.78006031190287,0.106798893898652,0.0107509805328999,0.00822389991289615
2M05365409-0253155,84.225408,-2.88766,6.10021852253586,0.0790415529360993,0.889960473771719,0.0267191180859243,-8.5294202226459,0.794729485634279,-2.45989193831278,0.833964095904439,-0.650814382692477,0.609603702066084,162.066259858224,93.3345299117377,1389.87390349938,48.6192842047346,5.38776709583215,4.65088983620564,14.8954764527545,18.4254962908203,2.08554494578698,2.30854763665678,1161.40904977301,2497.14792594054,2.62784521222445,0.0157477331025819,0.525594662070237,0.247837407640999,0.887158830887094,4332.34689241537,25.9703941842486,2.09417984772603,0.117034924689485,0.0122781059814706,0.00654565684096432
2M05370624+0008550,84.276025,0.148629,6.16961320311924,0.0804126788729533,0.856988698368482,0.0228944493542507,-8.7426892698813,0.708913537409893,-2.81832299706465,0.738742650451133,-1.48161716792116,0.881651016512318,130.316835628791,105.922832656743,1383.82977857913,49.7249379498642,5.34536488002428,3.52152879359614,31.5548048965387,21.7665333530016,3.51155142310154,2.74331715005196,1085.93745337651,2421.82501022069,2.44641363020483,0.0138706042594854,0.423410867102397,0.251593062559628,0.879550704818963,4274.42606800273,22.4441926092222,1.95583033783681,0.109531416477809,0.0107314478621919,0.00561326760176182
2M05390297-0241272,84.762406,-2.690889,6.09535244171936,0.0926429333573013,0.344173071582137,0.0147071731358392,-9.22057563845276,0.539662387930141,-3.29033966508377,0.523135445824413,-3.64996441554572,0.321369340732531,191.462082758506,84.9521069044775,1414.78011103415,49.0120421466452,10.3151469376823,3.746971174732,55.6773943701228,13.7738466157582,0.857697570460794,2.8133648394647,720.231535258154,1459.10855382882,2.51012231326099,0.0393006752214786,0.822760005953094,0.318909207604698,0.902781666283424,3477.09439948824,22.4570156891571,1.56698044826161,0.122394925061577,0.0125435151135251,0.00633613135496451
2M05421842-0219463,85.57675,-2.329546,6.65188390950185,0.116447129281919,0.432074114171794,0.0217175203098052,-9.49837896275027,0.380008978982664,-3.48731458838389,0.381215863492263,-2.66523711862715,1.13865324191831,159.755271497126,93.8950342704804,1373.02076262826,50.5731228547334,2.37785410752449,3.04013683994114,31.4498581490836,25.204179899405,0.576924617008811,0.550599805956165,796.175792812534,1846.09268533246,2.57528631486317,0.0411616583418522,0.298641928203573,0.296088410310729,0.932980231461282,3585.48849853981,29.8707827984817,1.08065362419862,0.0876791237444849,0.0113898727517047,0.00777548754677257
2M05381319-0226088,84.554988,-2.435786,6.10015102440223,0.122953916400586,0.264952027483581,0.0208835610475264,-9.5259878607094,0.396891982153798,-3.4727692694957,0.402512272271504,-3.83369441059126,0.210374715784645,193.041350823448,77.3722654514034,1450.60821446889,58.6111904910309,1.82975569536029,1.40530711715173,65.2731775146395,8.71003630171379,5.72039303636198,4.15291012282564,596.774488577605,1255.70934316187,2.61795992088004,0.23469440773242,0.293309545273433,0.267932418950373,0.934463797746134,3347.28247099132,34.4389441727722,1.43199152094888,0.160988940248996,0.0134397213961526,0.00795055377556757
2M05354461-0014263,83.935895,-0.240639,6.83596264592682,0.107829235412281,0.494840186783654,0.0193915543262419,-9.35620317399608,0.483524244605744,-3.40559631273926,0.483337174648781,-2.81657104091344,1.24119197185707,158.297561578685,95.3708255539941,1400.26388257105,50.7669026687219,4.6159817615724,4.13081181277734,35.6287540954347,24.4461680944539,0.981007906630713,2.22289073562345,918.675394453242,1998.57182293237,2.80213566824599,0.0443023679811487,0.282902305415574,0.290695002614979,0.889137679344129,3666.05406575469,23.4900428661599,0.99353425063172,0.0739813137174943,0.0132861013645194,0.0109557122073445
2M05420580-0159289,85.524179,-1.991372,6.9695199123059,0.0305990672872394,0.650555706921608,0.00656580883630259,-7.25289804202532,0.0985106527152073,-1.29715902112774,0.388009421536877,-1.78804346941985,1.09091697106224,59.4694358255216,77.4492156083251,1428.30555292847,54.6761634293753,6.0176618832574,4.58641737907599,16.2467359597645,17.2845002240867,5.95307595123985,2.2127831997756,1996.85759072251,3029.05420706754,2.48970731678484,0.0750334969081377,1.66361750229996,0.232625735906888,0.941215688551839,3816.24066373749,9.65843066110097,1.00192410422668,0.0207977349838736,0.00827969730956383,0.00647486295736089
2M05334326-0108346,83.430252,-1.142967,5.79140479731384,0.0785588907760642,0.742843495539464,0.0120338210476206,-8.25954153247701,1.00230957297208,-2.54659490122494,1.02836138310521,-2.05531705140529,0.869836200938368,84.125261642822,97.8769586316828,1392.83062302634,47.4110732765603,10.4534047910675,3.37692808101141,53.330623784959,16.9166144954461,0.421423459772647,0.866078487950106,1234.91025246202,2507.38128191192,2.42748873466802,0.018024633877084,0.576556284379751,0.307907826825352,0.939000034145261,4219.95827133852,18.0612908303551,2.51617673414266,0.168385150166788,0.00809350979022367,0.0053703763183139
2M05385922-0233514,84.746781,-2.564279,6.41737421426083,0.214388580127495,0.382268383582714,0.0135676299496437,-8.26261308862807,0.374058673436203,-2.42081861580435,0.386267309039118,-3.73179773700595,0.265165352852922,190.257980021149,86.7414919432734,1423.77780442837,52.6385750575283,12.1728620224805,2.55798555963234,54.6958111508833,12.9908547525509,0.552226972416196,0.132686533356184,755.468043820182,1481.98559520718,2.48963413577928,0.0469320259820814,0.958577816171811,0.562134275653622,0.935258333352505,3520.77591216481,21.6957023986849,1.23957395400089,0.204286242165813,0.0131681571543488,0.00537500454686725
2M05281531+0127339,82.06382,1.459429,6.87087620970369,0.0233785475279884,1.53842395458054,0.0258333515717351,-9.11599638459988,0.648023813202975,-3.06643203275576,0.662720037796215,-1.64124570217208,0.655273293270068,164.432451743687,93.7322834357139,1398.41060720817,49.5970540813599,1.50827364950073,2.64143423825272,25.0259370651798,26.9788604495433,1.94976391501445,2.99826863802378,1153.03325479533,2591.15876627421,2.40317927620151,0.0273929246263906,0.08903984700997,0.0860858311323253,0.885439835315191,5615.38288365434,39.7504473085628,1.88277269535685,0.0410133197428536,0.0126404152105182,0.00586438798215281
2M05330623-0042197,83.275992,-0.70549,6.66811167714751,0.0987867012205101,0.71169968173203,0.00644066039980018,-9.4243779716777,0.415988021823615,-3.42609085413451,0.422646050943663,-2.85416938552076,0.925303153364919,155.600981235467,93.3689457968054,1386.25068457155,47.5673220591742,2.66231294528403,3.24310528951964,27.9744043113289,24.9998456421088,0.669160200739584,0.630465617676275,900.469870388197,2103.53355571167,3.04475159908394,0.024095944586694,0.323487993309406,0.30223797267111,0.937329536844869,3932.00367865635,22.7900742007714,1.28004637257481,0.0870343947757229,0.0123157246127815,0.00772319756402695
2M05413501-0138549,85.395905,-1.64859,6.11231683188326,0.223142729747442,0.423664008168184,0.0230471409147848,-7.68637146264251,0.161824162615247,-1.66872974513853,0.332104725022798,-3.46647009763645,0.401966455807706,153.745069810224,104.193740630464,1418.93052727977,50.0972197804824,8.86874472277083,4.53815802309051,23.0933048964214,15.4117116992404,4.33104492271657,3.75630846579447,945.624086119046,2108.40718079012,2.53513442652499,0.0356101988997721,1.13188542679458,0.699718128628001,0.94063348887743,3617.5380416999,31.617762103499,1.6396135024414,0.28138099756144,0.00815252104543912,0.0046181976176752
2M05392639-0215034,84.859992,-2.250968,6.38572533500643,0.0759015664836271,0.676783367929205,0.029677778807141,-7.19848286774598,0.123226703107556,-1.36976219618189,0.716439416535791,-2.66665725304347,1.12501569515869,35.7688370098384,69.5507788003523,1389.05605164204,50.2075435448078,5.94913732364539,4.24017116407045,20.4648624999239,17.1177945445481,4.29134255000052,2.74227440512453,1493.79149924065,2902.46152441765,2.53266282061221,0.0174370600465683,0.128099085718673,0.140637109249244,0.90673840343627,3961.36767919995,33.358259379545,1.53607796695209,0.0723309838685423,0.00947320654425828,0.0161074677230492
2M05415845-0115486,85.49356,-1.263519,6.19277467084942,0.232368315865091,0.569385193100902,0.0428053317681615,-7.32774888692115,0.165140728622755,-1.29419898141561,0.199218620901282,-3.79278006180593,0.178783076113911,167.389623621897,88.8369748834392,1405.05144575908,48.8064485664024,7.09802338241361,3.75827941645299,44.4885388620993,15.0523062263213,1.60801593813176,0.825146033759683,907.893487058614,1820.18008040214,2.54365121548089,0.0326255401207409,2.04910182977344,0.70448733287373,0.937187195063191,3849.96041279358,56.9622288480225,1.67141072506737,0.268237235512046,0.00965261265092026,0.00405841380444962
2M05354600-0057522,83.9417,-0.964505,6.21524154611095,0.0809845977465913,0.741630857487831,0.00820195127394852,-8.61853445646712,0.677420742740873,-2.60526651515274,0.751585699365789,-1.30483551623065,0.804806640764616,139.682936316975,104.155101283413,1402.53256823549,51.2359173419903,6.6818904312931,3.64600320455681,30.4309940103071,19.2500796627712,1.41509797720567,2.9003352013659,1103.40202779835,2529.40264340347,3.01096147554355,0.0147165789863555,0.556300184860635,0.292641196552725,0.942244041851715,4104.2595680947,26.2709700696491,1.79510034350637,0.10724066696784,0.00985914342268964,0.00490046134971558
2M05394318-0232433,84.929942,-2.545369,6.26465886743127,0.101764426647307,0.324662520869901,0.0257999914308576,-9.36790369603531,0.515431315006698,-3.3923257197211,0.492869035680216,-2.34597492811605,0.375182406144857,139.591292059366,100.528226587299,1407.8242763317,49.0174878916699,2.82118401824565,1.34234885998642,59.8973779978872,11.0402575903132,2.69628312092072,1.11219186840148,963.518246854277,2078.79906443163,2.61918249465733,0.0593987981384292,1.21600573690636,0.304700873177878,0.938119650890189,3435.39683831735,38.6133310597288,1.32244165635746,0.0997779163369681,0.00848521636114279,0.0034086486398009
2M05353178-0023065,83.882431,-0.385149,5.97367158743141,0.0905147040815404,0.319318022952344,0.0173381086732812,-9.22429475961697,0.530570002145558,-3.23490279770858,0.522080162609567,-3.84437978905542,0.169516901260416,207.488370721691,84.4757817858271,1442.95618007645,60.8605623221647,6.46849077625462,4.0757969185013,42.4350750916247,22.5274952947346,4.07489875169031,4.19118109699462,704.886721748561,1157.46875920082,3.08688853409946,0.0241180301187944,0.492398359082148,0.329273978268453,0.940998872504713,3443.2427610477,26.2042088235835,1.71678132346664,0.144168862364461,0.0139099464843776,0.00693146672189201
2M05392543-0124409,84.855988,-1.411374,5.52812672808638,0.193763402608595,0.456354524769704,0.0126852485375209,-9.00745602178419,0.747882642323671,-2.85422157887189,0.762314197266478,-3.30185655098036,0.861535861096944,160.598056673273,96.2559001140437,1397.35842582064,49.6065197864185,2.07998690441736,2.7054539526122,25.5086742157447,27.3446739678918,1.03595263615488,2.20574212390919,874.307971748775,2109.02636381921,2.48851799972193,0.111413643565293,0.859690212640655,0.601765659812391,0.898212300210061,3803.07282699329,21.9369611130792,2.87008618980744,0.331440576625416,0.00515212508223932,0.00421908404498059
2M05313893-0245026,82.912223,-2.750724,6.12117233049812,0.0815545825472332,0.73095331263383,0.00486858216784392,-9.0933304991809,0.688085491097031,-3.04554966459156,0.698170782268869,-2.93374732320211,1.17131556812046,163.583560492073,98.6457046254514,1396.51125588526,49.5531845042895,2.28680398036322,3.12445779530419,14.9563830037119,23.8430006934386,1.10362728508856,2.40420538100357,957.165479435296,2149.65461821902,2.59408458347315,0.01427699851825,0.707597252500737,0.507460130213209,0.894341470798146,4119.17735973506,23.8972176608743,1.91886837463506,0.117991226931979,0.0091304446124533,0.00727719044898948
2M05415220-0201211,85.467504,-2.022553,6.17233654450583,0.103599758468446,0.840669949459296,0.0280599846675333,-9.41736473184046,0.414525213943216,-3.43313997187316,0.423007861364818,-3.85634570183566,0.157900027311186,213.53448191487,70.403019592934,1358.86739876483,50.5543048826205,9.481733674587,2.99384990629435,68.0382852475287,2.361297973174,5.12574442049297,2.69929666453722,597.775448752445,1114.88085299967,2.5012827345556,0.0363640195559038,1.14787871193114,0.78413801012305,0.941713652341338,4254.22914106606,30.6021515223824,1.93819173346409,0.139324298883565,0.0192429099677057,0.00947694190990558
2M05383981-0256462,84.665901,-2.946179,6.32151789989385,0.115418855147492,0.597104726116607,0.0386945582973897,-7.72387620860752,0.141437724328009,-1.75410491763974,0.199166074890095,-3.83506905163048,0.164612617100507,235.171887501167,65.6001323293165,1360.99893067535,50.3561351975908,7.32847551026347,2.1487345510638,66.2086112148397,4.32876130335837,0.351157260653343,0.0839887747382666,765.774711294906,1459.79278348212,2.96191583427874,0.104013892328551,0.160469559653733,0.170009561414596,0.902487461689191,3866.26012778515,42.1913716713536,1.54324500108378,0.110045448922,0.0135807068169551,0.00436142413763484
2M05381412-0215597,84.558841,-2.266595,6.76896830417876,0.044660456291735,1.7906414651616,0.0549475290011867,-6.56875421679957,0.0666374695841916,-1.10048125809328,0.125238113754428,-0.0937927737802325,0.305987254948909,60.5115327102295,42.0237300826193,1411.81265906147,37.4717736898454,0.898035181376448,0.601040336515391,3.35528781829796,3.37650217794147,0.394117510528285,0.156931058188964,3612.5506025075,3809.40390379336,2.7646193460464,0.0158277124974162,0.207312445757413,0.210384103277412,0.934665233722859,5980.95605235884,110.415621309971,2.56503606579892,0.110057149877566,0.024400745732803,0.0149717388561265
2M05300369-0155467,82.515406,-1.929639,6.40031595900489,0.0934539060619759,0.478518746498948,0.0240269876569366,-7.17389351192597,0.0956895981971644,-1.2791738873499,0.533734810068405,-2.53125862154801,0.702015041283951,56.4528500368899,73.3703209390367,1374.743343042,48.2662133650514,1.09795722199546,0.586390661631493,48.3000215951196,10.907697602533,0.377527887283322,0.105265548089435,1908.06456691587,2965.52576813978,2.84037382198821,0.0252792819479748,0.340872803806543,0.256384480916943,0.937094074279754,3676.1942125423,29.8084679176129,1.3540599859095,0.0833891167020258,0.00687136014117597,0.00678231914227654
2M05402650-0146510,85.110457,-1.780835,6.84560876123337,0.0164417625624211,1.67440593361941,0.0231244357649197,-9.55778427415392,0.424312714311984,-3.20428757646461,0.452297814276394,-3.97076200146214,0.0363850410987876,267.198894632892,34.1480840100485,1372.82977209597,52.3440218519469,0.685284215255295,0.379311277653689,6.74682815180683,32.5585324378476,7.82391828905846,4.47687871827411,583.238593438318,399.499128273879,2.46703206998182,0.0156124814105514,0.725768793470758,0.423569299622821,0.885869460016549,5980.44001080292,28.1061934020167,2.33664160266805,0.0500972477285435,0.0106210558285989,0.00343007341191359
2M05294805-0023434,82.450214,-0.395398,6.99260591973469,0.00784553895727003,1.45526840563114,0.0112273362856997,-7.44698898088821,0.824301995889499,-1.63930349628794,1.02197990459584,-0.71011935408822,0.850836380023842,142.197771054472,100.939716589294,1393.438967296,49.9685611294926,6.83258530576186,4.3874316056613,19.883958879169,18.4283371033952,1.78827415079702,2.33891189911775,1513.39755224563,2729.64824836181,2.49159158536912,0.0340176109238659,0.282687844466997,0.26631956422576,0.879392664089824,5886.32970678912,34.8188445655765,1.86610906686761,0.0320491480605368,0.0191846991363918,0.0194581088892857
2M05412863-0113521,85.369297,-1.231164,6.39350928559254,0.164978228791151,0.313343671982714,0.0195603750019437,-7.03422810402505,0.0909004590354696,-1.22978605887427,0.270110728811905,-2.45374860443038,1.0870430284853,21.630440457083,24.5007669094992,1410.72049504181,50.9222732775602,4.19644134160993,3.95929518571378,19.4541764165517,14.0253393959919,5.30486698503436,2.03949817652654,2244.66738115,3141.25316658804,2.48541574372039,0.0513242105224974,0.764744479487655,0.487302808731923,0.848985095745708,3410.88840775529,27.9705390965476,1.17179017529362,0.153847808123585,0.00351168644048128,0.00226306045982074
2M05412450-0222362,85.352111,-2.376744,5.07288027191378,0.0578851269538334,1.1782001252552,0.05050534599909,-6.57177320132879,0.112640845961347,-2.29603464440057,0.83627030434998,-3.18480914184379,0.737463653733248,11.9413178472653,2.58688666141512,1364.46758229,47.3900980836208,9.68481778491628,3.28210138265793,26.9814943756946,10.6264376049538,3.80456902152817,1.81356898009541,1404.75147481012,2850.08576741501,2.55238013628193,0.107200831855955,2.50360759940995,0.228976711433889,0.935134027662517,4507.33056052861,23.398226255299,6.08365103824282,0.300945386527936,0.035629099114908,0.0849959199951307
2M05342044-0130246,83.585171,-1.50684,6.27370661682314,0.11013146458976,0.988977684416976,0.0407896766387982,-9.31640442173999,0.528588427973959,-3.30568125504252,0.540929619164274,-3.51504964398912,0.608707908742249,179.46638982722,90.3775259345019,1394.09915173299,49.6524914616014,1.41043640725519,1.66043450511255,26.0095112360381,28.1044835749256,1.02423186716017,1.93584031815553,794.13022466283,1626.63195106541,2.32843511988434,0.0368867372023838,0.200324277321925,0.217372411655225,0.937213032816158,4399.81677866682,33.7738980410877,1.90481276892529,0.140502598940845,0.0126064509537538,0.00852957980690566
2M05244279+0143482,81.178327,1.730061,6.81374825685965,0.0189616638153267,1.61075238847998,0.0231041402449356,-7.16397343028098,0.153762892242602,-1.38913007513193,0.675770724718805,-0.462293311089738,0.516423704049524,240.543429397667,55.0054641377059,1382.53682235988,52.1614699170734,9.03325392535034,3.79897720293629,27.8999398469477,13.9326106805957,7.72467074719198,1.84637804667494,1667.4548533813,3040.45655912267,2.97591621661266,0.018579263820599,0.227593247274898,0.199847528568473,0.938936446143799,5606.56460857153,31.6187524845504,1.99596653111683,0.0416856687900999,0.0537126863512487,0.244893830830551
2M05321787-0031415,83.074493,-0.528197,6.97253850886443,0.0273467541228083,0.694053493728106,0.00410267780580775,-9.48897264414148,0.372264250537447,-3.55213143179521,0.326379686388745,-3.23136170480277,0.528111119204266,180.702575223286,86.0043140614936,1410.06913283882,50.9165561039383,8.86672017800015,2.364821717947,55.496090809942,13.4497514466323,3.31628633331977,3.10387456100589,833.054618815581,1735.75587857149,2.5351959457212,0.0499010586085475,1.26890185854521,0.185630495243811,0.935436658873168,3859.2222661121,5.28310762957153,1.02924214345305,0.0186892994598954,0.0194457724453779,0.00805040118647968
2M05393938-0217045,84.914089,-2.28459,6.11082117655709,0.0878210946051063,0.558240325043336,0.0240295121146046,-9.13229597315818,0.518899586783876,-3.25358804590586,0.506264671737553,-3.78379813643458,0.208094640637206,200.798595125331,77.6092446593433,1431.45833710646,43.2763978841718,8.9819462180071,2.73264082486553,58.352727405283,9.08478837119748,5.70811343972863,2.65609906882151,700.409692407906,1379.72009649727,2.5556803749733,0.0249622875921616,0.497531261047969,0.277277266155072,0.939272682455729,3858.72551306344,31.284466426567,1.76878813959845,0.109654244717117,0.0202669124036512,0.00879198624853709
2M05254589+0145500,81.441221,1.763914,6.1657483496086,0.109673473351014,0.849796186737817,0.0275536951295793,-7.7892530799982,0.212483320116403,-1.82831766769816,0.276754764499846,-3.87481443949376,0.201178305838288,172.272334180486,91.4473949434262,1442.52688502917,52.3103244615465,4.30036936213637,4.36216067547571,12.723443741522,14.7858355275063,7.44003883212544,4.29118028014967,591.25463048332,744.062462837716,2.74323161404707,0.10342471596079,1.86752800835666,0.437792268456196,0.93947463600766,4266.51087625248,25.4794621018882,1.95718535004776,0.149991921598555,0.0140982351370363,0.00599300290959261
2M05400668+0103099,85.02787,1.052767,6.52341066475272,0.0954829459684574,0.435073997798224,0.033333886399112,-9.40649706452059,0.441262288226245,-3.44227521736349,0.410531880310214,-3.06705475217497,0.641876224731637,157.508522074418,95.678008379938,1384.8126364718,43.7341380945155,2.84736086419445,3.43432380337999,24.4432620603949,23.4287000970336,0.478851547568055,0.373181304588331,882.230945876839,1939.94369784623,2.96579330386574,0.0320155491403968,0.381384420605784,0.235460414660752,0.894239003431712,3600.14853569663,45.5434239058291,1.19473833770628,0.0686408602329899,0.0106550209650827,0.00491739419267737
2M05330077-0036208,83.253244,-0.605783,5.6472282953766,0.0713225429025455,0.63676841704622,0.0202053720148778,-9.28499701759896,0.555546427804691,-3.32054668743765,0.55056167194441,-3.86903823403725,0.137595824604247,232.761361474291,63.3440776214897,1397.13748402565,48.3081283713512,7.85457206985735,1.71753395683841,64.2408916605358,5.90712830050698,0.362775356600126,0.094078644932945,603.85881587798,946.835892933392,2.7738611176083,0.152250388944793,0.0912912534279951,0.100762705054233,0.936359958716269,4101.79546548887,25.7515482028016,2.71769297471408,0.171547202347158,0.0142061690308285,0.00491902037882351
2M05254676+0032538,81.444863,0.548295,6.63589839263534,0.176514308275788,0.813441511900975,0.036694216380709,-7.56856841581591,0.160045183852391,-1.49658920145002,0.430187432871448,-1.18091490700813,1.05479078689391,126.606740826947,105.085390489103,1389.71143513889,51.1002132143577,5.47445547835451,4.43910937694106,21.5501935092402,22.6946588074545,3.83502218570401,3.20136453646291,1095.42635655146,2370.15346491596,2.9099021925273,0.021409219844746,0.64788924041007,0.470608686393904,0.890684273277491,4079.50024643474,45.2673575096223,1.37200897025792,0.15795734430301,0.0118497395650052,0.00773977487850489
2M05352017-0042136,83.834044,-0.703805,6.13963425969879,0.0763942344705986,0.659979367264174,0.0381691348327061,-9.26062995268237,0.542214696696371,-3.36206921917898,0.51325700931521,-3.74197309200562,0.242262868356011,193.728625966893,82.8043378988293,1409.19266424906,49.1515509048799,3.28937803541071,1.94114093013102,52.5535484288578,15.5181046277425,0.726765367240149,2.29492303414108,750.43451807311,1333.66687368621,2.92816264060275,0.0139274427613891,0.154523289016198,0.148721984322929,0.940111904588366,4007.62575704201,43.8536888322162,1.82409591346736,0.0826944171930658,0.0170014785775318,0.00679800136701276
2M05255605-0216016,81.483542,-2.267113,6.45543283622709,0.0892515657191928,0.777965750156928,0.0170300924633054,-9.4838248249719,0.389056320889126,-3.56115729938742,0.386434154462351,-3.56062579583176,0.404964357542015,189.462433645235,76.8709154240398,1373.95612860324,47.1281338134439,1.35994566823998,1.0266617105969,57.2600879480726,22.7393201304935,0.904927372185617,0.678486029706036,847.166171471023,1774.13419346355,2.93441437793978,0.0234034769332929,1.05862450874657,0.377838361008276,0.886807973652329,4079.0842144812,27.4627409467246,1.53209473890458,0.09228813076368,0.0176542812655925,0.00847814860203897
2M05372168-0040399,84.340367,-0.677764,6.61919556159122,0.0768923609229106,0.412975703013771,0.0233874140778451,-9.69420397723831,0.256449272743312,-3.79681875415306,0.218520195808963,-3.7474903519161,0.248848685698789,206.009666149962,76.9659497596936,1433.37044888452,50.6124888023727,1.41676365363507,1.76912234991896,21.3499188341516,20.4557483889116,5.7662054399127,3.89801933243537,738.379995016249,1238.88570861555,2.89162610523651,0.0389856567704174,0.331362930806165,0.210090831623617,0.935311065631487,3558.25869182572,32.9060708029428,1.08915429647654,0.0496700457780641,0.025370271626398,0.0116218170212721
2M05383848-0234550,84.660359,-2.58195,5.54751144171809,0.0895809937773486,0.641249598982465,0.0231818691332877,-9.11882282291704,0.646018612447657,-3.0093886948559,0.65314806526296,-3.66912809006231,0.426202045274114,185.866729431444,89.0522581161972,1396.20404421001,49.5075491001983,1.24366370309841,1.61551420408919,30.6859707661868,29.3069098517371,0.930252823941154,1.8917692921639,696.545205287926,1480.79442792467,2.51932039194819,0.0173651754737374,0.207661680293111,0.222521304642086,0.940906010663726,4123.86857685938,28.7105940535582,3.00149052374245,0.262080255585973,0.00698561330001686,0.00477017794468993
2M05393982-0231217,84.915928,-2.522721,6.62783282452381,0.120057671536404,0.904953797180742,0.05264552657424,-6.63967219750386,0.101181860938293,-1.51760122474625,1.13868444631004,-3.26117640497804,1.1647606078656,15.2894188292616,6.73054252580345,1372.62175898454,52.8227392709356,1.53151835733365,1.91332053485368,37.6302089362449,20.493887476697,4.89036261493296,2.33028210150782,1315.98885313818,2751.34876656691,2.56186651174181,0.0273981123062785,0.156069879670904,0.17336078116964,0.936802340474329,4195.40915991988,54.3486641791387,1.42873544489262,0.0932575298993364,0.0131132197157131,0.223139195917825
2M05381315-0245509,84.554814,-2.764166,6.31228077776564,0.0832954680242795,0.518509850357113,0.0164818147682544,-8.78054312790056,0.594082936434592,-2.87846699514989,0.622496729203899,-2.98783024956187,0.543062132723189,144.682933301314,99.1218263977779,1407.37145565576,46.4161794175376,11.9104233419644,3.10871997285883,50.6224242461572,14.5959138230239,0.724167315518534,2.10694328623314,933.720219047398,2179.82141304477,2.51730644480166,0.023297055686178,0.205138922513699,0.189984658112144,0.937415783837621,3750.17495418525,21.3088362480021,1.48290085296625,0.0845248084137484,0.00965413659227922,0.00440016314407739
2M05384333-0232008,84.68057,-2.533557,5.69633824922674,0.246742682499102,0.18732001986384,0.0148618987870336,-9.32103327572887,0.568981825575817,-3.09177233637939,0.589638122577774,-3.2239401051289,0.860709186548639,166.127910509416,97.7567959197313,1384.97372308077,50.316078072344,2.0163928642767,2.64370390033281,32.534332525446,27.5103658602815,0.634471581145969,1.21588383246435,937.537769362443,2172.57696346445,2.62500297938877,0.0465261029158885,0.469667039082732,0.411472821290257,0.930825233058809,3199.92008499609,39.2523922212129,1.62409992109473,0.130720453449929,0.00394512851316068,0.00349263699457842
2M05415930-0159108,85.497112,-1.986346,5.19734584076336,0.147349202407173,0.210718896130001,0.0126013806376238,-7.90287014647991,0.27916609900042,-1.56074271499042,0.361421421157237,-0.476469817912756,0.44590482192538,143.756383438985,88.8581959245412,1398.75603019921,51.6633262582463,2.32709064709202,2.25254218501126,10.6870750965534,14.2707468237704,0.441165703155428,0.949213626034202,1720.43580722964,2924.87809218543,2.71506831357795,0.114697188103791,3.81744060721187,0.268478408211034,0.932966823838622,3254.19518748126,25.6405777029099,2.1502965234166,0.141731057788917,0.00374137033232796,0.00213277476455946
2M05382119-0254110,84.588299,-2.903081,5.69525898560737,0.218069663406951,0.185763141010255,0.0153235450573498,-9.41019209453775,0.523448008771524,-3.39327825343292,0.459591544862772,-2.99833279952046,0.333402758990835,96.3935766765156,88.335918233007,1296.70938243297,37.4624335846244,1.04416267757413,0.731895236449968,51.9292437727019,15.6645861419949,1.42587549654587,0.773054116773963,1043.6502096174,2136.88802205974,2.65629918357218,0.0604848060536856,1.58283899012078,0.284091762936047,0.935541861985211,3199.90732924272,39.5239699815729,1.61521553484699,0.0768698673987374,0.00424372425715815,0.00215805344136228
2M05294839+0254474,82.451645,2.913183,6.76107112324017,0.201255968180542,1.00639290793947,0.0267052153120216,-7.13044496354293,0.113477023594847,-1.17225500596634,0.280213845551696,-1.06801227461238,1.01746072086805,68.7546750685423,75.5252418347855,1390.96170221238,47.2114283283411,5.52019516469868,4.3834804793893,19.0393004592438,18.2783641444138,3.37756776311038,2.38682675090831,2734.51949030698,3546.11536902461,2.91885832151941,0.0321742498820066,0.633743493671674,0.430311296513165,0.884923038278221,4344.70579250921,39.5728263052501,1.37634798208789,0.172260741922838,0.01244535670257,0.00887539437041796
2M05303164+0203051,82.631874,2.051433,6.52289342346306,0.116701549966852,0.696863795500318,0.01832515431861,-8.23551811709327,0.382430411482129,-2.38492606842851,0.704623141105743,-2.64580418762239,0.939183171672067,105.536339929356,106.331347667079,1409.54548775808,50.0907017901017,10.707505894733,3.24095029326941,44.4170176793707,15.2704695968168,0.763009856772332,0.234927351916349,822.472407546406,1947.82716829501,2.70765352137991,0.0228113788019215,0.487713395944788,0.353461191640001,0.939763652715666,3951.15063581409,32.6811053745873,1.40690996934637,0.114861084247707,0.0109475694604727,0.00764706770219189
2M05400365-0216461,85.015228,-2.279474,6.13974626757941,0.0826165562148149,0.59439901084687,0.0206987713817116,-9.32634225954056,0.493125284394111,-3.35496315271427,0.47004691298268,-3.35990420055418,0.426024873733366,162.634244375238,88.3527075450892,1397.51112242894,47.3734997331314,4.17452542218873,3.0095802431273,47.9229618233399,21.5943809018847,0.784188173450403,0.795815494392587,825.414434943349,1891.87376519984,2.53981348769443,0.0192493086579351,0.287666944951864,0.23165081493898,0.891258850847834,3908.07883347364,25.9605285224261,1.76465028692753,0.100395431254694,0.0107533274898203,0.00471627913782037
2M05401286-0222020,85.053605,-2.367234,5.72193867719322,0.0662093222652849,0.659475705001926,0.0258334649061652,-8.89681986952453,0.755306535979611,-2.91739923923596,0.736861757206664,-3.40488804400875,0.387508911804216,172.464862618168,91.1163126467212,1396.28739383852,45.4652973492452,12.1859107805738,2.33871205936786,57.748688275003,10.4407802290884,0.374212853604504,0.103008116320029,786.301817974229,1760.89195999111,2.49829344969992,0.0150225125878676,0.332716915615177,0.221219714727696,0.936077330216555,4120.48571161049,31.1249275999348,2.56584520200035,0.138598448889104,0.00860066272613136,0.00347912672960304
2M05415556-0223404,85.481533,-2.394569,5.18507448674382,0.179637107243059,0.249506883091487,0.0142710832183983,-7.22055216119039,0.14468147801941,-1.16313393306691,0.163054495377672,-0.875824279649019,0.80383338972661,29.7054898045602,18.0674948248445,1425.09868359709,45.6388398372018,6.40609831625174,3.53387045188243,28.5246075953648,10.994798501569,0.478539388945403,0.220380992007429,2755.19293023889,3499.91094368159,2.611831550772,0.124424117885802,4.34108786506876,0.298418683270163,0.937580058003889,3349.25647406614,29.7920539749985,2.37222110752406,0.185352961797092,0.00223839972631182,0.00110731210588405
2M05320993-0249467,83.041401,-2.829663,6.27534203522786,0.106757366516491,2.07184801007465,0.0846174669920217,-6.60010872255287,0.130813563709619,-1.20988896362896,0.227924121388354,-3.79016043625446,0.18402865646692,62.5526641256613,35.5877891979974,1340.45520932706,49.4120516580991,4.15570881262463,1.48268718534258,60.0907153566696,11.5464966271297,0.368807294974398,0.0764906100815406,1377.72739928923,2557.9647374764,2.88160879980026,0.0201152402951472,0.93546791449055,0.342480485198529,0.892486447336843,5220.78461216133,75.2850099234133,2.84692883496934,0.225378720754184,0.0269592576003273,0.0131120274541044
2M05240804+0227468,81.033524,2.463003,6.66023094011674,0.0311373389634095,1.88356883889926,0.0438287442901721,-7.03144963772124,0.720285875611828,-1.39991226755337,0.926271629800325,-0.608725948230508,0.926198390699408,126.836120069116,101.49481672555,1386.23626686431,50.2604702783804,9.20406870414499,3.85575973633695,26.7361373903103,15.4180601686079,2.96356543678375,2.34350741615255,2113.14406807955,3248.62330278488,2.92117968733437,0.0281007911954998,0.221216541752277,0.258608392081929,0.89793349645837,5721.10746707549,64.9555406925802,2.55249893657478,0.104515268543546,0.0288866614639907,0.0370484509819018
2M05383405-0236375,84.6419,-2.610427,5.2947603854901,0.223654682493204,0.210353308651231,0.00863458037756265,-9.40919856497738,0.507157348672179,-3.23222853723259,0.516166058524124,-3.79123455346685,0.256916061990966,162.268353886235,83.4250841894107,1391.49766468464,66.215441598603,1.30213308375506,1.01405245730628,64.1140481100791,8.03726118133543,0.867367687915631,2.27863071149169,684.171056833514,1314.32954049791,2.36718898304513,0.191173542503346,0.284276562656005,0.276694321226948,0.937814395879674,3252.30348920291,22.6929988161883,2.04255660093493,0.210957493054874,0.00509641606988208,0.00333647589315934
2M05395796-0131553,84.991528,-1.532052,6.06301867024719,0.14223965059097,0.426073640419223,0.0199780345197438,-9.21536221749096,0.595635063638532,-3.16740327354548,0.618008204771432,-3.30893266356478,0.908662121590771,158.703002096525,97.1363298150003,1394.0947586684,50.8893715542414,3.53583975385113,4.21921914714477,41.0337543912535,26.3513364485382,0.777651072093475,1.58677037066805,790.099997650045,1806.28196528271,2.32129276324652,0.0645244018415636,0.46304156171798,0.414914418174425,0.885733794699175,3629.24073810574,34.1202181878684,1.71004097930521,0.192841768536318,0.00758576742981406,0.00619506647726802
2M05401352-0127452,85.056373,-1.462579,6.13803788041523,0.0569572276766444,2.42557778932245,0.0813617788682548,-8.50372777926322,0.869539124457077,-2.68083480552044,0.896428741458394,-2.55720814213313,1.34290849651385,136.352263698273,102.929522174384,1406.26035619098,52.9855681051845,2.98174484045211,3.55158208947663,20.6200876086745,22.2145576839703,1.14997960856226,2.51397108950376,964.283410118077,2165.86241861282,2.47085271958321,0.042781961757852,0.113761352669033,0.12684105287623,0.882936539283577,5297.47474680209,31.8249038863219,3.49933683580459,0.188634595200772,0.0123908865366184,0.0197743159970231
2M05331867-0036141,83.327829,-0.603925,5.51584006623815,0.17116079694593,0.648199289564989,0.0264295905997616,-8.5412855351751,0.88653505405937,-2.58361996949334,0.919368114741048,-2.22547798005818,0.954970695552733,128.374352530947,104.037787988539,1407.63828216677,49.8913836334432,6.28460447701996,4.43689679931112,33.3849032950276,22.1487142084704,1.06693538353796,2.24933202893737,998.458116570146,2220.49034370379,3.16451338964995,0.0181492608605993,1.97637183392416,0.656735147174839,0.937663694618179,4134.8221655098,30.363874678842,3.11272508595184,0.525920201140217,0.00627178115215816,0.00363591708653448
2M05371478-0049317,84.311598,-0.825494,6.01093028433355,0.116799204816146,0.281486287494259,0.0218497422522314,-9.29159353832777,0.505578841340973,-3.40709711255813,0.484938176661767,-3.57262060772469,0.468301031982959,168.081741751401,87.7509801674781,1378.56960723755,51.6800445084884,2.18590308168748,3.2023440604994,54.3213931550499,22.5122072841331,0.592319056252414,0.697313368813022,860.087929743254,1937.39686765627,2.99862421646915,0.0356093054578157,0.717344746424997,0.454352719272205,0.904950364926542,3379.10728312399,34.7605619048256,1.5948329356011,0.177710327396211,0.0110248086961253,0.00665774706250887
2M05370299-0250490,84.262488,-2.846954,6.38095402905464,0.118937749347348,0.342150468685092,0.0255762033418433,-9.31968173665802,0.508333134683746,-3.30426751397703,0.489333341975957,-3.03578743571434,0.652080750478954,155.321649792919,92.2084070077258,1400.96325309988,48.7205754450059,6.64493817607515,4.25558204670736,44.9804404779513,19.8486038800864,1.68857892157812,2.83713302636339,938.031566445072,2116.6627592994,2.51168467912884,0.0469667220782162,0.603428266284677,0.341841533823076,0.891261508011347,3458.10164443125,38.6912678208469,1.22549448160928,0.104897445048491,0.00903713869441376,0.00439705676065271
2M05393998-0243097,84.916613,-2.719371,5.77390026546188,0.0714155367347709,0.740977206606582,0.00941627409537538,-8.70557799526498,0.802931850667191,-2.80322133281381,0.800862638531644,-3.47463552737325,0.374241037783209,169.078460020676,91.6724389880523,1384.80420321118,46.9676166464749,7.78587970430694,2.85932402564689,51.1471029353584,15.5620253502543,0.355832684019975,0.100701681249351,848.539088643501,1929.14198541142,2.53862026509745,0.0248169709931914,0.593836602133767,0.276415362801601,0.936741701831583,4220.58704095421,15.9033904179464,2.55253303650373,0.155730965686238,0.0100456862224663,0.00402126557351157
2M05412833-0213596,85.368077,-2.233236,5.40066511756624,0.373637695424601,0.261046914512567,0.0116258563600272,-6.76705232341017,0.236473810348787,-1.40735758354264,0.908184767544043,-1.65269607950891,1.51713899639816,57.3818872067173,92.1081792486775,1403.91566356569,50.3569478460699,5.85613289249655,4.52687378526824,14.5985873495894,16.4043801279976,0.536585718675256,0.990958863369542,1508.79755261703,3057.57686914288,2.53025145474103,0.0481977345993598,1.82933604670669,0.866494175572484,0.890191755342971,3363.7457098405,25.6896685551126,2.20495965176314,0.351502324565106,0.0198623916954098,0.144491831606835
2M05310005-0026513,82.750223,-0.447611,6.34746952325044,0.107207092550749,0.742105364162254,0.0051464558933203,-9.12630273343338,0.625437110314914,-3.1049381684055,0.659676763778854,-2.76103976597929,1.23439491865373,158.781593898619,97.5234165873689,1393.44096637682,48.9926866566522,2.52678517415617,3.29994815856771,15.6418075401049,24.0690000896307,1.01321416190768,2.19518733613027,949.355403772101,2064.92603924678,2.85212532263533,0.0162110623705087,0.882560655865485,0.561078987764472,0.891029863037793,4064.05428965248,34.1465613943762,1.63041601327844,0.126646026343827,0.0102226205959573,0.0083759198524063
2M05413972-0202242,85.415527,-2.040062,6.02084941062219,0.11018070420594,0.540342155118629,0.0515501163370274,-9.15860854601179,0.528436166712561,-3.22974390807279,0.539036147972279,-3.13110013169137,0.312932058672611,145.740739265937,82.3740811803496,1419.48739862044,57.6926664784999,10.951927000901,2.74349573638126,65.7281014803819,4.45286052339873,7.8353541988611,1.85456009468484,998.323880031563,2163.24411887341,2.49449599137384,0.0791786534807439,3.46806020344353,0.268991363892864,0.937930027314727,3850.44395171066,71.2378585288768,1.88258941981774,0.132201253257496,0.0114847345000311,0.00481850734383699
2M05362855+0004456,84.118963,0.07935,6.99880290128471,0.00156558556679576,1.40580431611966,0.00698452069844868,-8.51331841732019,0.768577303858972,-2.73699879941226,0.820256731483401,-3.55337260358646,0.495501669744298,162.235604419452,87.5133504352886,1392.02144724433,49.9049448828362,5.781016014832,2.52458823927666,49.0329103631948,23.5354957777315,0.369718492256847,1.92259080653897,764.35516220052,1674.23425105285,2.49474779594693,0.0170155594454076,0.832883355652568,0.257485063875713,0.890605170066698,5716.81475539235,22.4940152870663,1.71856691262428,0.0166513078228546,0.0155225918643305,0.00744914243495523
2M05403931-0226460,85.163823,-2.446134,5.73259199686911,0.0889392716273809,0.389696138581435,0.0172211616056206,-7.46811044827511,0.217133668336896,-1.41419635608441,0.293944576496769,-3.48814313945709,0.245047163005357,136.00698264279,100.679119405961,1393.40610756253,47.5116897410257,5.25920020367183,3.18406327933503,41.0379484670191,16.5313813557236,0.36090319665847,0.0891119628707521,1468.38399076046,2675.47283022198,2.52230210402903,0.019944965876175,0.702742729214724,0.319417756407972,0.93715872160857,3608.03891868424,29.6872366498446,2.29455096751542,0.19840871130754,0.00540676536835066,0.00252088679186027
2M05384423-0240197,84.684299,-2.672143,6.03261294562575,0.0696882549775784,0.629107736747062,0.0407314980061539,-7.36444827393921,0.114062936120566,-1.37722251081545,0.155653309551297,-3.84755848041589,0.137634069663102,226.17629710537,71.5530032789423,1393.70228035016,46.4669288449819,3.66300877992751,0.678821002977875,63.2534371717204,4.64001339162498,0.306386756760982,0.0518073755663719,640.973445415076,1062.77310836572,2.51357780357587,0.0149216273785986,0.0645601892252556,0.0709301200414878,0.938977230312528,3991.33026597915,47.4373173006854,1.95224664777431,0.0741081070862177,0.011356725398277,0.00298269493788797
2M05414703-0216378,85.445991,-2.277174,5.2092592965983,0.120923559878152,1.03957837859959,0.0662673884195425,-7.79883633558525,1.15015416399449,-2.2668074839737,1.09860932922207,-3.40639536086831,0.552236989251218,115.13860306048,104.392755620623,1360.00556209264,49.8947398670183,11.409871137045,2.84327542325092,55.7863815690322,11.002764064413,1.5422317488174,1.53629150949894,933.189488189787,2116.88220864299,2.54335046119678,0.0193276833528941,1.29446822098563,0.527995759212159,0.937648405194189,4463.3079922498,47.2245223119976,5.10232052152459,0.551009547581669,0.0107468647589435,0.00806092725366026
2M05383587-0243512,84.649472,-2.730894,6.15490812162772,0.0392015536271626,0.8855079103954,0.0253578511812211,-9.59252500381915,0.226670969699312,-3.75347388088065,0.206632439838057,-3.9104716007041,0.0869866950890632,220.73774438678,70.5135313588669,1618.75164129144,124.434132453196,13.2616302433003,3.37494084485865,69.2570709972992,0.992042620570132,9.1544110377578,1.81112561997857,386.494543967126,373.940562191185,2.5122517164339,0.0153805340563704,0.052924536739582,0.0621563762011745,0.930900509897134,4314.47697987624,24.9055065236148,2.00108748319372,0.0469529289610726,0.0310240328961659,0.00971682289744433
2M05400889-0233336,85.037043,-2.559357,6.0164296787288,0.167339934278045,0.577645335650073,0.0307439929623611,-7.23810856367482,0.151671971779117,-2.05581935748886,1.03007445531131,-2.41709072853031,0.953348195086473,15.2243759267662,23.0563751473842,1391.2657791888,45.1770847636508,8.97752703704481,3.08698369198003,42.7680537181482,9.41310542111786,0.766060168259368,0.202397793777503,1354.7016215205,2687.30416161761,2.5058010682817,0.0235575810129902,1.00587083214665,0.468413957735452,0.932250406290286,3911.08305720896,41.3940955399439,1.92423069725272,0.236875813429656,0.0105043661695071,0.0733073314359465
2M05270547+0025075,81.772809,0.418756,6.51466600719901,0.026540649018131,2.00957770561509,0.0305919695062813,-6.63398225536315,0.202421211979042,-1.6209768872132,0.987109119906584,-1.22881647601131,1.18605761387653,121.806504881988,91.8497943105559,1407.44903122468,50.6083375601037,3.57843900618156,3.50151939183106,11.5196915457245,14.6808333046163,0.538501152963032,1.71352943013098,1405.04867626694,2912.77014774943,2.48592915975119,0.0470214755213847,0.445538754497831,0.440472521707996,0.885825416651754,5500.09876003963,44.5394946661913,2.61865812758182,0.0603782720971713,0.110069701710967,1.05171114861215
2M05390357-0246269,84.764879,-2.774162,6.2895794022054,0.072788637026902,0.339248149462501,0.0143965575547108,-9.43354427624106,0.434578870435002,-3.54937698539431,0.367082732906266,-2.90885701275007,0.435131610115755,132.81834062656,93.2542179888411,1397.93238654643,68.4612870743604,1.33440810284731,1.19816392399599,62.6035031037458,10.9687974134716,4.55764213245219,2.80809212580082,686.159781042603,1649.94561858557,2.56478438008212,0.0451822914905893,0.631606148340197,0.260044906336695,0.941450478926909,3457.60369619654,22.0179723735932,1.31762955121634,0.0704831122237153,0.010802573477648,0.00464122133874945
2M05423101-0051202,85.629238,-0.855624,6.97933677582484,0.0244083349827111,1.2105797948134,0.0223249878236078,-9.11138096147666,0.59584869041631,-3.17348886775812,0.608962880501946,-2.89799865364205,1.22428050525822,161.724016432322,96.0557322022821,1402.29917654556,50.5182649866616,2.08537712249479,2.78309226606587,14.8622062346572,23.1625643350421,1.13700869137469,2.68513473005928,1062.02620466082,2362.06465286631,2.58947512069264,0.110693273715137,0.535339215093107,0.408705391277325,0.884727666554413,4945.42154252884,62.7754243129189,1.36224750249463,0.0279874435943576,0.0147993967398129,0.0121599773065399
2M05385200-0246436,84.716695,-2.778798,5.70955725871201,0.0646969695307873,0.41693897022946,0.0223155903514206,-8.03719465676788,0.437333098715591,-2.00554447615131,0.490012630028096,-3.52213031753062,0.28868730499692,142.187229944875,104.803612147988,1408.04641223441,43.0867532603211,1.79134449248789,2.4658832056861,5.52822764346949,8.84270409806886,1.09304647638112,1.5756905355317,865.02121084236,1993.14601747624,2.52184188745777,0.0210139990257185,0.582929175765438,0.258387130242877,0.938597691096278,3674.03763925019,42.5439736782976,2.36534417983856,0.152470990993138,0.00544567205997184,0.00268529088662853
2M05270195-0130533,81.75814,-1.514815,5.98078427599556,0.0694459852856224,1.05652316468763,0.0443601655355353,-8.72937774490933,0.725557709519358,-2.76448628774091,0.730727665288059,-3.26782836235649,0.46347922383357,159.662775559469,98.8443414046416,1396.41389637851,51.8564870067843,4.10712129748366,4.53919533172088,14.7366681126929,20.8179059720127,3.38471174331554,3.09037099063511,778.724403999192,1882.08210094178,2.96772676866653,0.0267017081798688,0.12061987171664,0.127709510887089,0.890246585991445,4523.2403503402,34.5717237473082,2.4663630806091,0.117954362675789,0.0107653553792092,0.00433761994669773
2M05395465-0246341,84.977732,-2.776139,5.55278860080998,0.202094704524434,0.406907378635697,0.0358336708960522,-7.74483076664858,0.490855509538091,-1.62881066468833,0.522302805235552,-3.79966659095919,0.217748782697825,179.158768571329,91.5697561921127,1408.12876618809,65.4447206675414,6.85995223414775,3.84123431201353,42.524797400468,19.8544694533609,0.453719949746202,2.93488088805881,722.912083546055,1449.64155982636,2.49689565686819,0.0161451057687592,0.439086098370435,0.303036655213184,0.939076897882105,3682.3535642865,70.4838085749682,2.69320662860212,0.240257448812708,0.006011451017196,0.00237013592562684
2M05394017-0220480,84.917388,-2.346677,6.09334222150805,0.0782799493506303,0.752698182553834,0.0110776867264054,-9.24797829094363,0.43300850948056,-3.34015520335373,0.448997152695174,-1.46802737254249,0.644348992450407,103.183489943654,75.5441724062113,1406.6921627078,48.2954573145353,2.15679123059268,0.912018005884938,62.801162246131,7.45815292282222,1.55359968863417,0.699919059301853,1054.45774618602,2315.31823084856,2.51743314766877,0.0158543196388625,0.569655113576382,0.35327665798514,0.9384298094481,4158.24278462483,23.3662046435761,1.98001974865387,0.117570068590056,0.0118523666567534,0.00616439145231991
2M05292326-0125153,82.346926,-1.42092,6.77476104931236,0.0752162202128872,0.706240136982599,0.00677549941410954,-7.47997161182328,0.096823133886943,-1.697484086454,0.365349212839863,-3.51764935211144,0.301743185049817,147.739415394063,101.401692610011,1354.12482105656,49.0506832778544,3.78831051208539,1.1561580338201,67.6612838195933,2.75442158101099,1.62528611294192,0.325502727899281,1231.19815828982,2289.49564788938,2.86430685281053,0.0233471590280458,0.11460822090156,0.129105706509454,0.935705496199453,3903.54860658442,15.5313821179079,1.18562956806639,0.0607313911532654,0.0177861116921188,0.00924844408678787
2M05371885-0020416,84.328543,-0.344906,6.28155941752751,0.090905844333284,0.962189817517526,0.0238759936072752,-8.91967236506429,0.60223656635183,-2.98114402449498,0.625167905048233,-2.54606839367911,0.612257538028077,141.794867116781,105.011436807552,1393.69782070471,48.8048396865748,5.19567581242526,3.57406623074606,28.5937201181556,21.4367503761621,1.72527616356652,1.94788088195489,902.017650773042,2152.19611032778,2.4019606000803,0.014358427296765,0.730467772976844,0.275878110805008,0.93960479596321,4368.04049532004,21.4053338471554,1.87491207076267,0.117554569821482,0.0105385331438595,0.00458432243615887
2M05380826-0235562,84.534448,-2.598967,5.93521896569097,0.0860982881760948,0.383662122516903,0.0118028018132126,-8.89606432113018,0.515641994484943,-2.87193495604447,0.534735510897623,-3.80646266244475,0.213719998329806,180.319030630995,87.7124703620671,1444.40396899232,46.1822702668153,3.16986506556337,3.7646956622883,14.415348848726,15.1447983877999,4.78231479095209,4.0886109520984,732.812193475776,1216.67160040062,2.54012099671301,0.0288320307398569,0.937746967501689,0.341454667345757,0.935865627346209,3559.18259217598,20.190262659838,1.86800325922604,0.1398680058897,0.00971330524470746,0.00515911204665052
2M05302823-0153309,82.617655,-1.891927,6.62655309066721,0.141306278384187,0.560129643627138,0.0372559354144047,-9.44006188796213,0.439607541094175,-3.42623036793383,0.449761723261495,-2.79869275326381,1.21755059959427,158.565405963997,95.0346577473403,1388.07457246979,49.3041950909502,2.54085227338628,3.26326776631153,28.8091451751463,26.0383067986556,0.704071564279222,1.17409972363151,920.655582817802,2132.69479917064,2.77199579341303,0.0342286999258803,0.231685491847147,0.239114002227898,0.935731439862732,3759.32993564912,38.571950294805,1.21267170407974,0.110596264875929,0.0116470507559226,0.0092770720034421
2M05382915-0216156,84.621498,-2.271024,6.14021616616044,0.0485074695529404,0.66225962272975,0.0251692087406341,-9.31261650123372,0.374093524369553,-3.62182714169043,0.424255140312708,-1.75228721638118,0.445776973485611,23.510404805721,16.4500284786395,1339.11232724417,36.6031019547363,0.819189161383349,0.37098588401008,4.32441967870643,4.15581589703877,4.69613439399253,1.90256094823091,602.840009785945,1681.08524344784,2.50670099908078,0.0214765958957919,0.561172299070927,0.202105207677168,0.939611159563863,4010.77697699216,30.9581286340792,1.82752678113097,0.0552654566002391,0.00627111028232519,0.00256111184169948
2M05415920+0103361,85.496683,1.060045,6.1056029999843,0.0952802580806509,0.412893693756247,0.0205287949819147,-9.34193670340777,0.480903420646597,-3.4163594226441,0.442883879912026,-3.64941420655839,0.305927093906797,186.633731874516,84.0272158507243,1409.14241514356,52.4465978552749,5.43727662635371,3.29558591417388,61.0398397940851,10.7047442774007,1.24422094119914,2.82398805111779,755.28307573519,1551.7426481928,2.24595926139096,0.0554202767853425,0.296551499705345,0.242399018853083,0.888350981153634,3600.52101064843,33.4340985230426,1.63630804858114,0.119599090749035,0.013951847743876,0.00669083376787633
2M05391300-0127211,84.804203,-1.455884,6.06554393289115,0.089521137292337,0.733204904571662,0.00893640134334428,-7.25694628407825,0.188980289042117,-1.36513429900866,0.764893965800149,-3.31128771040328,0.973980942743417,79.439219643309,98.4845826538841,1391.31727615361,50.8895415886885,8.01327288362198,4.68485042665931,27.6986931003211,22.6150027224672,2.48465944542127,2.98160876080068,1176.57879373533,2565.12914510895,2.89837526168605,0.0172176991764079,0.523685231968949,0.331861613093626,0.894617628085451,4138.17499256989,27.1582320080774,2.00348727235948,0.139118643688812,0.0105128866621572,0.0110491061821127
2M05352853-0125314,83.868908,-1.425403,5.43625980968307,0.222197142733901,0.208951912276639,0.0153023119425001,-9.30372103923861,0.603831758650672,-3.18160944722921,0.594876237800334,-3.78281283991675,0.21967082545459,190.709055124502,88.9857492380406,1435.65472479597,49.0236493128591,2.75023130396032,2.59950446705282,40.273243910846,21.6699799641843,4.36150654299902,4.06566452999543,796.855753003166,1494.90456190144,2.24955334094416,0.0683700766753086,0.599890034183695,0.30447446481891,0.936155717712202,3249.45677950419,36.1930804741896,1.9058567479863,0.130557254247723,0.00743819596923061,0.00433039879824764
2M05402461-0152309,85.102544,-1.875273,6.47228933296775,0.0755763939655836,0.706187569408882,0.00639100628009204,-8.95106134175589,0.586153870631725,-2.98054141291964,0.57260780542289,-2.91725091751986,0.355772760841829,156.970157229911,102.127051523523,1453.55346348896,50.100394281977,4.11052201288675,4.01009115839953,22.2464954587913,17.5776795859674,0.971402334035918,0.722332111936735,858.312818859217,2064.70676640551,2.4589791320159,0.026917386774016,0.990688316122504,0.288641735384541,0.89220240423423,3976.28314899928,21.9921292402043,1.46570305517658,0.0782690964967937,0.00948074513144569,0.00379491064977153
2M05264210-0041088,81.675423,-0.685785,6.58002700190314,0.0823767912433486,0.716538666015694,0.00957973006319707,-9.19257849066452,0.529930822321466,-3.13653610937849,0.552670057363377,-1.23023279464033,0.839535254718194,141.490537809341,101.291258479835,1398.32275026717,48.4873223784747,6.71058774773388,4.06977451737278,33.9394713119411,19.421430737279,1.79335026915363,2.35865208931245,1004.63735635406,2337.03830052894,2.30060501694139,0.0605249064043671,0.442019826967132,0.275260113720705,0.888665601449373,3960.054712372,23.9170246732665,1.36466449755505,0.0789701143075308,0.011705020746869,0.0056976171412521
2M05424105-0033264,85.671066,-0.557353,6.56622921578275,0.152955650564084,0.374980621651248,0.0247249771023844,-9.37172300998259,0.455562243633375,-3.50357172293397,0.469340861994006,-3.23364191844563,1.02441576394078,185.952105187225,92.4695658399488,1409.51514173089,53.5753867399181,5.85101597994602,4.19109557158764,50.525276663271,20.5329050036567,1.79882712887477,3.14917719451173,742.168755810073,1665.085969272,2.51503451854269,0.0381246390356742,0.348060606553637,0.350113925386166,0.891167611493579,3506.39965760308,36.6018299032212,1.09719521127638,0.124191598797356,0.0156578116592231,0.0128298044085022
2M05392519-0238220,84.854997,-2.639453,5.74782917891383,0.114716985032212,0.462756878938,0.0382741442084765,-8.09983348877504,0.671499193812251,-2.14460464520255,0.750852799466432,-3.46461840791539,0.288697880121904,142.471516139482,99.4416709679577,1409.81983552725,53.641994747003,6.38624177737263,3.01011064376775,45.6488974610081,16.1232299918348,0.762243729400009,0.239949108972585,978.636672154165,2241.84352795299,2.57381405367617,0.0225472235822901,0.780700726943842,0.394687398627769,0.936830343275046,3765.5121586245,66.6709020250421,2.30299091119473,0.238573083985714,0.00665090991529918,0.00301549572940528
2M05293176+0251217,82.382372,2.856041,6.45022056315604,0.158532454380918,0.273803423752968,0.0239951739605661,-9.41783101554489,0.478519495367642,-3.40754105325162,0.50208689146228,-3.21375954628296,1.01318434024438,170.119610429742,93.2101195672897,1402.45588283974,51.674229956791,4.28323210048107,4.31140642642859,42.8056327557196,25.7540190780935,1.44257144145579,2.98857784797958,872.497786136145,1923.44578084152,2.88494514938842,0.111363178044619,0.362201783623448,0.379593876200764,0.888250001789346,3345.37005126942,37.3972883996614,1.05755000301861,0.125683576733288,0.00989133757204337,0.00897869414300458
2M05264162-0040524,81.673429,-0.681226,6.48943281771225,0.0870458145290782,0.616454972795056,0.0348697283116445,-9.00170024605401,0.545237096400279,-3.06007533518493,0.528458917193294,-3.02839879756793,0.677779340876438,156.564460494631,101.838648382052,1409.94845085961,52.1086415037397,3.92438889409672,3.95471469413015,19.9083023873105,19.6467652638906,0.892579201176136,2.13715668555115,779.24912180096,1806.24667898455,2.44009301923588,0.0245790433052708,0.235360698545225,0.187655669232166,0.890917455032981,3854.04692848205,34.7264428556512,1.38186320892325,0.0699720485875667,0.0111119689665956,0.00492073472909961
2M05385911-0247133,84.746295,-2.78704,5.88733865709632,0.170066533259353,0.720756149310238,0.0392419590497225,-8.85628054613426,0.774446849928736,-2.8761004755879,0.771586431206188,-3.0457596255477,0.849615223402426,158.057308696756,96.5363455953164,1401.50340677034,49.318896873701,7.74548903084692,4.10966803350341,45.4999311211366,19.7192917045274,3.49782835300772,3.44982076244953,911.310925915141,2038.32928694699,2.26191782506387,0.0591411009041287,2.2037832901397,0.834932983877863,0.939054754638516,4166.00053057006,51.562821782929,2.29736042184517,0.307462640606981,0.00961938904380262,0.0059567335041182
2M05382050-0234089,84.585431,-2.569156,5.93961277474109,0.117942921457378,0.249874083044919,0.0247366344056262,-7.39836384128746,0.0868773817673909,-1.31654035585714,0.118104924886619,-3.89594587601562,0.109562250651241,215.655433064907,56.2053337066313,1366.22540483626,50.5669695125238,2.04068720965878,0.333619989705408,67.2779369017553,3.51825763073772,0.286411853320952,0.0471144053049261,667.039161328146,1084.69314818312,2.69574900879601,0.0785795981850135,2.0276249689255,0.399746078939847,0.93729510223596,3330.35358753393,46.425572560084,1.6672470862839,0.119715093540612,0.0068377240328303,0.00171216001447473
2M05324233-0026344,83.176391,-0.442893,6.80856126841993,0.0639951139397224,0.737212970345849,0.0103513105960915,-9.65413106601436,0.281273624273472,-3.72236500815447,0.269058847276171,-3.6086564313843,0.492373388915263,191.508493571542,79.1171876803079,1341.4666341618,49.2115915412853,0.85721812867727,0.795652390079502,51.1381762058835,28.169084745046,0.526919420965996,0.256925631310625,680.32157908894,1314.23263642517,2.84678444488927,0.0280577791221095,0.155516139962503,0.164139918976039,0.932464023275818,3933.90628373589,15.5862746974049,1.17806203015232,0.0496088544333972,0.0196019630460046,0.0107169050557916
2M05421948-0215409,85.581199,-2.261371,6.63851039841328,0.0855327559871268,0.454108329367734,0.0193265399912114,-8.7317869132989,0.300416051514472,-2.79478971058797,0.342060783810698,-2.95583695883196,0.334845396753588,169.010117972135,87.9465413788607,1429.63383549554,48.5360563010154,10.8054638163926,2.71005237464062,41.270772708271,11.0560298994319,0.553395664162852,0.105049046930099,1002.76736489497,2141.01673179866,2.44056541414553,0.0370885363399471,0.225576719467898,0.203453402801719,0.936322532150515,3618.70328004343,23.462292238504,1.10995673520442,0.0648807632763333,0.0109159021507944,0.00441929078374867
2M05320641-0126435,83.026715,-1.44544,6.32881414795827,0.125389846121271,0.329559855819686,0.0155428319734695,-9.51747479734351,0.396327657146774,-3.53879285284562,0.387550113015122,-3.68520487745567,0.418701537149323,188.551108751472,83.4700964629842,1417.95475357429,56.4141483884126,2.74852231324473,2.92352484935966,60.5568455862491,17.1429608020366,1.74986374915952,3.06188842937201,651.406284696909,1344.09078679923,2.47757332897018,0.0547248499358786,0.309360488572737,0.308484832889809,0.938168925156112,3440.26495833945,23.8361643911685,1.2599042139308,0.126733109969307,0.0137283547188762,0.00932779994820786
2M05425225-0105146,85.717718,-1.087403,6.56804403851407,0.123588023690864,0.713888591440562,0.0107554075112748,-9.41382078722947,0.41766462312389,-3.53089243946138,0.383139538277774,-3.55941531636716,0.3998877056861,187.850886610335,81.4781758291431,1406.01316652385,48.1351588100863,7.24117757146042,3.96562790512077,59.4124771285682,11.8099911433184,0.839498574550777,0.559473692541464,771.50570058869,1469.2981961703,2.28846223064189,0.0513943052566441,1.99108328616154,0.390266956030997,0.88715334104775,3960.27596826201,32.8386098867149,1.37489389168492,0.118398293132796,0.0187365550351871,0.00783998856273493
2M05405605-0147261,85.233578,-1.790604,5.34680998134298,0.210646834903096,0.376711775006438,0.00981411509168248,-7.18028660175549,0.14911670527328,-1.21343330337818,0.241200272877692,-2.56844950677396,0.31450574832112,25.1091102815925,26.0466889207429,1428.6828738616,53.5470264012841,7.49240293450325,4.15103193328384,22.607976569576,13.5075678858269,4.73255085935179,2.52123884198389,2515.14103124607,3345.52074583166,2.51810078468442,0.132280361986188,4.33711253824498,0.310487151837713,0.937207890866797,3620.58680415537,18.7175002302031,2.79867143626406,0.181895746324888,0.00233562878568538,0.0012926763824996
2M05265537+0140224,81.730735,1.672914,6.69337749415897,0.0760195878842316,0.531326462524115,0.0211239524147712,-9.15139179415007,0.38254887981511,-3.38089434576002,0.392790975214814,-0.695305371023716,0.521468176331982,62.3558311865528,54.9560306173876,1397.83946758905,47.7180779064539,7.04897103009776,2.96088477247639,52.7139108436525,16.5906057604322,1.2095568853994,0.251869668817814,997.483602096434,2298.56574946647,2.82410332116742,0.0316324431456805,0.611452903954059,0.282737682650382,0.929389811049393,3714.59312288841,23.8923451328014,1.12901845049067,0.0543100343430555,0.0167466378317611,0.00909188977875349
2M05320347-0156321,83.014476,-1.942253,6.8638617776296,0.162453094604862,0.946175222304769,0.0208935457968165,-9.45921443639205,0.415683825961775,-3.43772518375857,0.435855807033697,-3.09059888819572,1.09149280407383,168.719681032,91.830824945875,1387.06750121694,48.6200565436265,1.5995955005334,1.81848205000545,19.4196706794228,25.6258670155439,0.696661394326339,0.867174833489752,913.224214208694,1821.08757908316,2.49754909719032,0.0180551185125077,0.265206431878262,0.294437675909125,0.932089289734599,4239.59799815283,32.5029647919987,1.25738376254137,0.124325170900805,0.0141853986344816,0.0102075092522587
2M05352293-0111242,83.845555,-1.190074,6.13715866620911,0.122064515639646,1.1952968977597,0.0956401724209636,-8.31291036469858,0.860736399158511,-2.71776692519487,0.903980986838121,-1.74909030869871,0.872830264455346,90.8586236662897,98.2826289934543,1394.88881665682,47.8055226985142,7.42926551525198,3.68727595782282,41.1846553678811,19.3168705695184,0.99369575643885,2.65965618125805,1006.73457936921,2060.28447386408,2.57901036806042,0.0216226120623577,0.321868210745046,0.265978808374094,0.937368438600314,4621.57442474739,70.1823557280559,2.28626785667209,0.176589922997613,0.012710596490523,0.00905895352079876
2M05365983-0120245,84.249299,-1.340147,6.28087424303901,0.0890370819610218,0.333023665655084,0.0202492508804133,-9.3755557424756,0.385191841854551,-3.57223522885774,0.378427778503363,-3.74909167577134,0.320207720662357,203.668771766299,79.1832776842765,1443.77028474348,51.630406429915,12.7009080145191,2.13950975663219,65.0480131849865,6.43697327630031,5.41282109933604,3.24240144766137,589.015355289292,1049.85011618191,2.40440300111913,0.0553077487438574,1.16831319365631,0.363980714672956,0.885541150541022,3446.65771125798,30.6438859603725,1.31930931189672,0.0863319072180584,0.0233277914249853,0.013055600281328
2M05384724-0050419,84.696838,-0.844989,5.89232301597842,0.273974800922262,0.174657030368155,0.0192879743002194,-9.26103352502965,0.589796366343337,-3.17337970389553,0.597003920143369,-3.31019853019074,0.854904270070863,163.469060990417,96.9404470181195,1394.30269299977,50.8868002233347,3.03914076294644,3.69179104577698,39.3259134531941,26.7334961440132,1.06809832426974,2.5935274245061,886.002518367878,1970.49997790151,3.24886392151874,0.0414402931046378,0.607518483538346,0.558952793446379,0.891400344393214,3155.48126618979,50.7684241706636,1.44374009196738,0.165704198526559,0.0056197548727982,0.00525202558167928
2M05363515-0102168,84.146461,-1.03801,6.22056842535745,0.10412340984125,0.358923026188421,0.0168775387708676,-9.36938695732873,0.43399526456835,-3.52106646188533,0.410789548775795,-3.78383250389044,0.22507320586612,204.415847915074,76.4225616948107,1422.51997008494,50.2472805271,8.99912056748571,4.21190108920787,60.4545125246927,10.4423778533335,1.34918704695395,3.14256183535154,645.887424679391,1237.25379515493,3.05719931999,0.0286435067066249,0.62012113161688,0.340951393593237,0.907071863578024,3494.10151923267,27.865054663421,1.42501280452962,0.119725207369034,0.0195293345725168,0.00868705844321919
2M05363068-0018439,84.12784,-0.312211,5.98516079099763,0.0983288651114891,1.12844275390604,0.033847703888963,-8.59680074575103,0.864849485506764,-2.77276039420776,0.852991859375841,-3.64265183266034,0.36251870285473,176.243354685919,90.3973538630516,1364.42672077373,49.9753805755985,9.79764684781706,3.12019955452246,51.6722005568118,14.6174152711602,0.361715499025488,0.0840331677488227,910.773737157587,1712.00737484179,3.12336744612614,0.0125071725114017,0.94284263137536,0.353560429133347,0.937585018451764,4582.4290045626,26.045825319401,2.53032756140335,0.197105087281601,0.0134970777044687,0.00572829939261711
2M05384791-0237192,84.699652,-2.62201,6.11544391118544,0.117521877292994,0.409050123722398,0.0232230992797697,-7.56444260208183,0.147592531375836,-1.58873534515072,0.217518692126147,-3.59947781920878,0.354991317634528,208.988595146892,85.4279084471763,1371.24229476414,48.2693332170198,11.4516230387864,2.6092253543324,65.4241184685998,5.39753910417721,0.491715866156635,0.0817490449245499,1089.87066176392,1936.36530024074,2.47891288810402,0.0376492032390041,0.273527100745714,0.256099979973191,0.902213119212991,3592.36814933868,37.7904240917967,1.61876142959192,0.146039240175572,0.00958820529365298,0.00409333081840898
2M05342354-0121403,83.598103,-1.361211,6.94127924711527,0.0346993628338659,1.35753147456335,0.0212459313417479,-9.25271618512677,0.526490105548638,-3.28694619266449,0.534236393527894,-3.46071363142552,0.784132623085612,188.323140402976,89.4582581165311,1394.5818884578,49.2288516128602,1.02639007932724,1.07854976613427,4.43407936654518,11.31763645656,0.952622666820777,2.68094055580973,860.793036707774,1707.62676445967,2.4488927617988,0.0137430238685323,0.731235663875991,0.447435213953429,0.933784351483517,5300.775631005,87.777235402908,1.54760904280689,0.0300917548099229,0.0149723109606492,0.00916367337394642
2M05321496-0158263,83.062361,-1.973996,6.62920830849971,0.0989034339443937,0.489961759712324,0.0168654955497987,-8.8814139813563,0.45645934453738,-3.34829864724977,0.535041869530364,-2.37726751865629,0.9005296579538,44.8019169887953,90.9819921485648,1416.79073325141,49.485588204746,9.74421301527452,3.14419114052611,55.3839613226572,13.5490806198457,0.4906424823919,0.178184175809226,776.584749195993,2073.11163979065,2.41930439547894,0.0355249760462517,0.31247254806141,0.27337711346879,0.934755790474979,3666.80306418437,20.5799220686165,1.14751100135649,0.0783572766811959,0.0128409418344832,0.0122201697549577
2M05372434-0117056,84.35143,-1.284891,6.58974734565634,0.184575275024093,0.418108442831956,0.0292697290572117,-9.26316640171122,0.546385148624161,-3.27276509607105,0.550530823035379,-2.58120587998992,1.2890993123096,163.885079324636,98.0177808926797,1398.79851468897,50.5712054970802,4.4893642446568,4.34746482279122,31.6221536337644,24.2208190630105,1.02120923988946,2.48475628069599,903.909149510702,2036.7574592326,3.06324042724909,0.0253780386384255,0.419970512804937,0.416194816529031,0.886659761016035,3570.34636440186,40.9065664855807,1.12231484138862,0.148813478720696,0.0108038452363517,0.00975659573530903
2M05365851-0029593,84.243826,-0.499829,5.96102558046697,0.248697671633711,0.173316592431401,0.0173979890634585,-9.4290028864444,0.508039571924932,-3.25405875636546,0.546326689755921,-3.33325787848982,0.800581878959268,159.707604033491,96.0169847594499,1397.12073735249,53.2006975833357,2.30355876152645,2.95224462096896,37.6712029003614,27.6487023169047,0.915756158788391,2.29903149213694,898.515748236893,2009.40291780329,3.03128722100641,0.039193893951041,0.461655039331754,0.451955391736737,0.938782851728635,3151.9180246029,40.1253854065019,1.39132600693148,0.166568570722578,0.00485958119429782,0.00456113234992722
2M05414714-0200190,85.446431,-2.005281,6.31297605698554,0.167135536710199,0.424378380255152,0.0288975506706842,-8.92718050256578,0.790715533279352,-2.920713493071,0.724869193276573,-2.71105955641561,0.530086804086231,176.168798893395,86.0187268226612,1390.02189725727,47.2087001016441,12.1602677953248,2.70479429039457,52.4296721263566,13.0796158930478,0.485167218436765,0.205663188999321,1094.80450292682,2620.14497649108,2.82825733228683,0.122364911710807,3.58898538118314,0.517561379742926,0.875488155713321,3600.94359236305,44.1459906017851,1.40063179875332,0.166604779420555,0.00835040641508414,0.00488835851608872
2M05341194-0120547,83.54976,-1.34855,6.91142323571199,0.044960324920214,1.21474084456696,0.0181629932285564,-9.44942147595888,0.413322443156829,-3.47630261770955,0.416656978654073,-3.60554209772068,0.51534545386794,181.644677544658,87.2305434793676,1391.33346390391,49.2596662158539,1.10392182995378,1.30808986792218,8.71911395433495,22.6115249997223,0.866437442034021,1.97192243877603,768.757851976961,1409.86718068334,2.46136964873963,0.0183517692515804,0.467426469664693,0.343416650407937,0.935482091287302,4838.26689842239,55.7949182139009,1.39516479860467,0.0357631080937421,0.0163151849752881,0.00956199606305955
2M05384803-0227141,84.700149,-2.453943,5.44318003019164,0.0905474372540964,0.455515852791221,0.0180709828190257,-9.56418253218008,0.275701787071454,-3.66613182686142,0.254760633111005,-3.95347745488581,0.0539075156993343,196.01776865268,58.8343410660858,1396.33830262221,162.284012900249,3.30469598191567,0.859236314846635,68.9122234020001,1.15912524542413,7.93604837079662,2.81844777315224,415.724817261093,288.731087669592,2.56676140886959,0.0624879331885027,0.0420508283621342,0.0489185785686561,0.930085807839932,3814.36058851386,34.9190662322214,3.02108969763637,0.0878431133337971,0.0189435987435939,0.00605849120536526
2M05354326-0034367,83.930282,-0.576863,6.0201717914856,0.104240885252482,1.01196737103036,0.0333629555551063,-8.75032078845785,0.716304429673833,-2.79896389575031,0.733308854088349,-3.40450136299171,0.474586760935338,163.418463708511,93.4809109856832,1403.14097259114,48.198837995235,5.39247185059052,3.64277073545946,33.9113169893558,20.9447760434242,2.06634022684665,2.69914911402811,867.791785991297,1899.51771909913,3.0736443411895,0.0185843660563649,0.418919845280567,0.31578530962264,0.936622317979013,4476.9589035497,28.097122048141,2.34289620749147,0.188341919095257,0.0117546137017091,0.00543196272008323
2M05320040-0140110,83.001683,-1.669735,6.69008432148927,0.0663273234703889,0.741240082063402,0.00977975464803504,-9.46769883199959,0.38914342010099,-3.60877694539165,0.347071060478409,-3.5136323328521,0.366954379588523,189.526546884803,82.8922542784975,1400.48157758213,52.8650644602808,4.25762733236842,1.95008671455266,58.467238674862,11.762289836912,2.56891466660513,3.11065472742882,736.994525611735,1525.2707919601,2.49902600600677,0.0223614137975716,0.176052709028428,0.167262143078438,0.935472002841505,3963.8430792129,17.8710419432743,1.2794789053832,0.0574614424676053,0.0220777357230756,0.00913533068852337
2M05385145-0236205,84.714381,-2.605712,5.89601621322359,0.421045068502294,0.192956591325139,0.0144950032538316,-6.76260822800394,0.952666550168577,-1.87227694887088,1.0712582955664,-1.92343384229874,1.23781552670642,139.244915648256,98.3689550715273,1383.20333768385,47.1462038754823,1.45972706523569,1.55938680071065,9.42233657098821,11.8976270483251,0.378208062515095,0.238040750880593,1251.70957717174,2713.32840892464,2.44569631497612,0.117938005615609,0.842415582336011,0.806923912345966,0.918858613912141,3201.52567560321,34.0063240592558,1.52934657581608,0.350047400178429,0.035697048545384,0.326581287353068
